,417_Theta,417_Phi,417_Chi1,446_Theta,446_Phi,446_Chi1,449_Theta,449_Phi,449_Chi1,487_Theta,487_Phi,487_Chi1,489_Theta,489_Phi,489_Chi1,493_Theta,493_Phi,493_Chi1,500_Theta,500_Phi,500_Chi1,501_Theta,501_Phi,501_Chi1,502_Theta,502_Phi,502_Chi1,505_Theta,505_Phi,505_Chi1
Beta-B.1.351-S1,108.3738982520667,-16.895734322762877,-68.35020765708326,0.0,0.0,N/A,129.15495542554527,-40.14235568689783,-67.43505171326592,113.1115610967218,-24.87215290367275,-72.70292198678905,135.5426895865841,-31.705819722773033,-56.285697048909505,76.65859088200388,-16.486501470136048,-171.14993550648902,93.22671758448891,33.70521268458001,54.14578965768534,114.82309904242058,-23.491859390330493,-69.30524971884063,0.0,0.0,N/A,128.5376864646433,-40.6695124639834,-68.19897256952552
Beta-B.1.351-S2,108.5999893714378,-16.72957700996889,-68.1839796982218,0.0,0.0,N/A,130.3092510743384,-38.972198404236195,-65.39859882595916,113.0191787105076,-24.99472426816948,-72.87607013598083,135.9212184776854,-31.794372077635835,-56.52566285319702,76.65865349823916,-16.825512964046254,-171.3124720384821,93.36653258224885,33.80630040946754,53.85501488194659,114.52729142781318,-23.29985922725031,-68.75414930857333,0.0,0.0,N/A,128.65489558623952,-40.699352322853606,-68.70994186518574
Beta-B.1.351-S3,108.47997793269872,-16.91336093487922,-68.42549774532175,0.0,0.0,N/A,131.08469994797971,-38.61297007822889,-65.05183811013768,113.32009711777135,-24.888164236098163,-72.79329710263364,135.7706450203674,-31.611834737169247,-55.68466853085892,76.98431647276412,-16.775843376833603,-169.7342755026307,93.55298483851605,33.68143984358194,53.47636516750265,112.71047211322701,-25.07944361656753,-73.26043279679948,0.0,0.0,N/A,128.07553476149317,-41.13052317613524,-69.2476064060754
Beta-B.1.351-S4,108.5999893714378,-16.72957700996889,-68.1839796982218,0.0,0.0,N/A,130.3092510743384,-38.972198404236195,-65.39859882595916,113.0191787105076,-24.99472426816948,-72.87607013598083,135.9212184776854,-31.794372077635835,-56.52566285319702,76.65865349823916,-16.825512964046254,-171.3124720384821,93.36653258224885,33.80630040946754,53.85501488194659,114.52729142781318,-23.29985922725031,-68.75414930857333,0.0,0.0,N/A,128.65489558623952,-40.699352322853606,-68.70994186518574
Beta-B.1.351-S5,108.5999893714378,-16.72957700996889,-68.1839796982218,0.0,0.0,N/A,130.3092510743384,-38.972198404236195,-65.39859882595916,113.0191787105076,-24.99472426816948,-72.87607013598083,135.9212184776854,-31.794372077635835,-56.52566285319702,76.65865349823916,-16.825512964046254,-171.3124720384821,93.36653258224885,33.80630040946754,53.85501488194659,114.52729142781318,-23.29985922725031,-68.75414930857333,0.0,0.0,N/A,128.65489558623952,-40.699352322853606,-68.70994186518574
Beta-B.1.351-S6,108.41150820747502,-16.468967486291014,-67.77699013557805,0.0,0.0,N/A,130.55028824658507,-38.77063570663982,-65.24202130500589,113.0401144598358,-24.93119142362525,-72.85360265338763,135.9129700252408,-31.36930937992187,-55.837020478329535,76.88359051263352,-16.90022535518494,-170.24776917080237,93.22805876551183,33.765600512271426,54.268561742009524,114.46530554743104,-23.419419871605875,-69.13255476855977,0.0,0.0,N/A,129.05667522725543,-40.45955069825061,-68.07289197978152
Beta-B.1.351-S7,108.42647639701728,-16.638574111603692,-67.85456221717966,0.0,0.0,N/A,129.7874864922404,-39.41569729813366,-66.23715432328149,113.04952962378428,-24.93162624046724,-72.73471724008795,136.3561518196239,-31.46405524230638,-55.97452735910217,76.70594005231463,-16.65233237002989,-171.1385541601504,93.21176365074734,33.98295928802183,54.2709797734939,114.72327534559244,-23.552208035660833,-69.08811783280673,0.0,0.0,N/A,128.452449846415,-40.778606267427215,-68.17564588230927
Beta-B.1.351-S8,108.35283162093627,-16.79487420336765,-68.27978726421033,0.0,0.0,N/A,129.80259839016693,-39.731720615638416,-66.5275631424132,113.21550356963209,-24.74437878755229,-72.63546178525363,136.18819884453782,-31.50619744678563,-55.9973464517388,76.65161909054775,-16.706824719676614,-171.23863431139225,93.23097340011134,33.588924640516254,54.43720075958802,114.76643784630762,-23.319361859047138,-69.36137530018287,0.0,0.0,N/A,128.80256637538957,-40.38430960598115,-67.7302949997122
Delta-B.1.617.2-S1,107.6501246932273,-17.35985629675912,-74.38631327647161,0.0,0.0,N/A,130.50275889572228,-38.83492844216228,-65.53012136554241,113.90391836124854,-23.851476352604127,-70.51542387605939,136.74909638197218,-30.301401929142543,-54.38544312172346,102.47374862237912,-17.617111384110395,-67.34300685488074,92.87601624692813,33.88252452218352,54.6046787064,114.17422533536576,-23.818282653923585,-69.46143914746911,0.0,0.0,N/A,129.88993911422222,-39.40262788513268,-66.48237879814593
Delta-B.1.617.2-S2,90.00000000000001,-2.979958215670136e-15,N/A,111.016559256217,-26.782922513069572,-77.99350077903745,45.369828085435884,-33.89587255858511,-179.3894610553203,137.3282767209599,-29.21311898597156,-53.53217006833672,114.52044230455266,28.802324525951853,24.607561105636137,46.87181295889341,-35.9228829779852,-177.07267573325183,0.0,0.0,N/A,59.00548601886042,-15.952220838700228,174.67185137765347,0.0,0.0,N/A,112.10377359197618,30.538300680445932,29.59258260868525
Delta-B.1.617.2-S3,108.18326414085706,-16.992323976612884,-73.91896288884294,0.0,0.0,N/A,130.94660173796126,-38.39691021084192,-64.99463099404876,114.1725723966919,-23.784158938146994,-69.98084636051676,136.60931375739125,-30.145577500441707,-54.299651833164475,101.64375817348741,-17.503567231528056,-72.61236327351384,92.93074445770564,33.60483145618618,55.05176201509516,114.25124831018367,-23.77520909936778,-70.2221349970413,0.0,0.0,N/A,130.17234112179173,-39.11694997909099,-65.69559341849747
Delta-B.1.617.2-S4,108.3632830960321,-16.876608503026013,-73.75167263561436,0.0,0.0,N/A,131.2248309641887,-37.95598167690114,-64.24488812623495,114.25339388529662,-23.883503807963923,-69.96220242852742,137.02878076034497,-29.765101699339173,-53.87573397430476,77.33978156460994,-16.789986844451946,-168.27331260756154,93.02942285225777,33.83471462043736,54.57961692413978,114.22155328105538,-23.602996517312995,-69.90925837510699,0.0,0.0,N/A,130.63394864136538,-38.988387197685675,-65.65580923157377
Delta-B.1.617.2-S5,112.53584656235488,-11.264067274181754,-64.79945565234277,0.0,0.0,N/A,46.30545002738564,-35.250425274889174,-177.80233695010213,114.26403064839235,-23.947234403001097,-70.46966097990246,135.5731041450509,-31.99596479551892,-56.3939742265151,107.50727569442286,-48.818979670899736,-63.7913290078369,93.19303628270382,33.79895346643046,54.20513905592589,113.42472885943236,-24.492528206748204,-71.90009761805901,0.0,0.0,N/A,130.65984448250765,-38.79422487650399,-65.34437318547995
Delta-B.1.617.2-S6,90.0,2.8426881646148383e-15,N/A,110.7401782041046,-26.94741256396207,-78.38062883673753,45.69801204301624,-34.38789955843051,-179.00329721523883,137.33980020365865,-29.23404162744825,-53.30295831906904,114.34557255400904,28.92657684593483,24.764958090881702,47.35947340161918,-36.2441661898689,-176.4854394795376,0.0,0.0,N/A,59.09133559280038,-16.042787448777837,174.6718730839153,0.0,0.0,N/A,112.14844845410263,30.303097014644855,29.239308738802897
Delta-B.1.617.2-S7,108.01256153364326,-16.781262221131367,-73.46142667577789,0.0,0.0,N/A,128.77410633037059,-40.837729669525466,-68.53120444097202,114.83762758655008,-23.729647659976496,-70.26882238745362,135.9217660538001,-30.591645265433964,-54.37994408024831,102.8395742773877,-17.384942643917135,-67.26684671170092,92.95282427648465,33.8925830549995,54.575505767312265,114.53827219633811,-23.84609612993153,-69.73015387210737,0.0,0.0,N/A,130.22425105600678,-39.19302858637555,-66.0638221156998
Delta-B.1.617.2-S8,106.60631265625346,-18.123829752134384,-75.40932249479603,0.0,0.0,N/A,129.7508775393506,-39.78929127295627,-67.04999937741334,114.63534328174637,-23.494210552505834,-69.28054577146752,136.8019295128149,-30.31444298415805,-54.12289236149349,75.55122432659152,-15.13612309112801,-173.37112251638968,93.43986377453075,33.58929808782069,54.15218296675476,114.7539375891209,-23.403546647650238,-69.11213700116451,0.0,0.0,N/A,129.3143299414982,-40.433529178483425,-68.08157587914224
Gamma-P.1-S1,96.12698763573482,33.49054981689261,49.34813521548676,0.0,0.0,N/A,131.89832974959683,-37.18090947507746,-62.85633968565482,113.384184477919,-24.806267232995683,-72.61669692670748,135.63649288554856,-31.826054656810292,-56.09345101697406,75.73227015498183,-15.867315469551537,-173.26364296452272,94.93740736619384,33.69960127372166,51.52093783403184,125.02642016528792,-43.358908480572616,-73.23965683357851,0.0,0.0,N/A,128.7255331046518,-40.56970955136854,-67.82534703029049
Gamma-P.1-S2,96.0828495679663,33.371667450326456,48.90796306783184,0.0,0.0,N/A,132.55548853981506,-36.81401364905751,-62.61504963510899,113.35318323072404,-24.626371437674997,-72.53694565769334,136.21927006316724,-31.649648458858497,-55.83988798370035,75.5671556353445,-15.692848286260052,-173.44021949060902,93.88916827750488,33.75470444474678,52.82870525057067,122.97432591946199,-45.17470291140187,-76.7766670889351,0.0,0.0,N/A,129.04609177010968,-40.32892242244829,-67.97909953698503
Gamma-P.1-S3,95.94657465245974,33.4337618110104,49.16658924454302,0.0,0.0,N/A,131.707771801039,-37.63554306138297,-63.60728921948881,113.32400312007503,-25.025052816035505,-73.11100431116253,136.13656912906285,-31.290477917166594,-55.7880618500077,75.76871920134761,-15.732971864001671,-173.27720042941417,93.76996767852174,33.59675299857986,52.87538173066774,123.57339394415183,-44.83736945211163,-76.36835803878465,0.0,0.0,N/A,129.27134657350737,-40.10409581968154,-67.48742456388358
Gamma-P.1-S4,95.90385782027202,33.38548587533495,49.106451146024824,0.0,0.0,N/A,131.78503294771687,-37.18905997333916,-62.673958276565486,113.28290730882811,-25.078832062817153,-72.86948156545262,136.51639872593086,-30.99570894013922,-55.44667254757154,75.73879887375357,-15.854615330316989,-173.459006895606,94.26480382390385,33.84038277374912,52.07916272300285,123.36582865895636,-44.88676722412166,-76.10433504226759,0.0,0.0,N/A,129.56817952298613,-39.9741644078468,-67.3472536099814
Gamma-P.1-S5,95.81661644217644,33.444465585942716,49.71377304091816,0.0,0.0,N/A,131.93999361569558,-37.07654191618612,-62.93710202370924,112.88468438530874,-24.977639375040468,-73.06435374252749,136.28928730388557,-31.381353023745948,-56.26331002674761,75.65342029831822,-15.643155843421852,-173.4894305495518,94.3556477920628,33.786977448414895,52.68291915711574,123.9311359562525,-44.509173217137715,-75.18452213990632,0.0,0.0,N/A,129.3854573410135,-40.18794757008891,-67.36038086587841
Gamma-P.1-S6,95.95414979275839,33.49154750209307,49.24060813871614,0.0,0.0,N/A,131.9304907106726,-37.32526400279646,-62.99763925597227,113.29181499028606,-25.01983934593743,-73.20776799960326,136.42751243317582,-31.080942899894154,-55.64784078931257,75.50126487130323,-15.505515415874632,-173.1502638066267,93.43476320601437,33.69963070646936,53.161885445472656,123.48075288572772,-44.39083537244596,-75.0655097953074,0.0,0.0,N/A,129.0775756420419,-40.37674117639047,-67.33450445447656
Gamma-P.1-S7,95.55595665480395,33.581665963468026,50.27746751038211,0.0,0.0,N/A,131.75456641725356,-37.41973474385853,-63.538726621612106,112.93801390490437,-24.931888231959576,-72.62778097329885,135.91927305579821,-31.692312415156877,-56.44386986402641,76.57907829666544,-16.783594919265784,-170.42419502456247,93.58361793575001,33.77581074887793,53.35092082114342,113.52954328598288,-24.41898741597156,-72.01351394105464,0.0,0.0,N/A,128.27189142636453,-40.901520850126104,-68.79419361839513
Gamma-P.1-S8,95.97423911456339,33.412320043339584,49.35269296817173,0.0,0.0,N/A,131.5328081882031,-37.70439934716543,-63.80434107911179,113.36878690271271,-24.91893716954773,-72.87506676583827,135.47359535712104,-31.839893434932176,-55.87479701351008,75.59058551335914,-15.628440327958073,-173.75589882034274,93.75561874990642,33.700206598985766,52.98062189786265,123.17796714022282,-45.41003238186456,-76.85758974981988,0.0,0.0,N/A,129.31233106347815,-39.94295386098558,-67.45687274210083
Omicron-BA.1-S1,107.87995256851049,-17.58047950068076,-69.810911510822,90.8635951972088,32.89565725754979,59.77672301264286,131.0252020123,-38.25005983619588,-64.45492106310175,112.55644746183809,-25.337343003259633,-74.407234261375,136.74283755681003,-30.709575216018933,-54.61673705085403,103.70553827154198,-53.14187107775279,-68.95308276003647,93.6185370996664,33.48545890508972,53.875476049404675,124.8561258171423,-43.72258161717159,-73.62237806727296,0.0,0.0,N/A,116.37709780856162,-20.15676913669988,-63.36100051934883
Omicron-BA.1-S2,114.11870745872811,-23.913087725543168,-70.65182595224879,91.77024295204144,33.123355238910534,58.89472246269451,130.3164086376633,-38.96476818726138,-65.7587239181229,113.23984045464309,-25.04126803197443,-72.83717235097627,136.78648331062132,-30.427829210503873,-54.68165110223826,111.24833906767505,-57.00766382155024,-63.16417824551036,93.77522843470685,33.50776796453784,52.974529515443855,125.43581711513714,-43.54383892258847,-73.517919202571,0.0,0.0,N/A,114.49375523549475,-22.555965386919052,-68.80170706002556
Omicron-BA.1-S3,114.11870745872811,-23.913087725543168,-70.65182595224879,91.77024295204144,33.123355238910534,58.89472246269451,130.3164086376633,-38.96476818726138,-65.7587239181229,113.23984045464309,-25.04126803197443,-72.83717235097627,136.78648331062132,-30.427829210503873,-54.68165110223826,111.24833906767505,-57.00766382155024,-63.16417824551036,93.77522843470685,33.50776796453784,52.974529515443855,125.43581711513714,-43.54383892258847,-73.517919202571,0.0,0.0,N/A,114.49375523549475,-22.555965386919052,-68.80170706002556
Omicron-BA.1-S4,114.04783141112452,-24.050881651866586,-70.70152831919447,92.44616877915628,32.72725403828089,56.56800747013409,128.65777994603465,-40.48919384148009,-67.73275824608936,113.6609106479102,-24.975725402201277,-72.98005957719377,137.24322431307982,-30.236807445450022,-55.16275154753024,111.33517618475945,-56.85011167449372,-62.64952908448756,93.91798161517652,33.96281040016683,52.64369656664059,125.28541782420814,-43.37742267325973,-73.21454516684081,0.0,0.0,N/A,114.6857264322835,-22.292382226333896,-68.35112096058783
Omicron-BA.1-S5,114.15747558648968,-24.004632785638744,-70.79365520826686,91.49567936502682,32.876712988970624,58.30211738567667,129.83334916969937,-39.47790681704939,-66.2469936078238,113.21544251366959,-24.79329414215354,-72.61672224491477,136.0850792228524,-30.846604581418262,-54.91891231568273,111.2056732147737,-56.913222338687525,-63.095041497465445,94.00312521504527,33.64114180562042,52.930591401406886,125.08348253458695,-43.55508920315373,-73.45025194695431,0.0,0.0,N/A,114.73959201568141,-22.381490932937883,-68.4959649432068
Omicron-BA.1-S6,113.876699232872,-23.9355679139665,-70.38708877638344,91.75662769657549,32.95589787476646,57.718125700125036,130.89148438072516,-38.67238981649206,-65.14836449474737,113.1270592830413,-24.949803824666347,-72.70288121638613,136.81095236813658,-30.627444052613903,-54.85453648788597,111.1253314879688,-56.7968549670979,-63.28881243672701,93.94548379392961,33.51174113417819,52.69027281855314,125.07366696320251,-43.38085270163787,-72.92212802410012,0.0,0.0,N/A,114.58194968333589,-22.454048122775905,-68.65721983103313
Omicron-BA.1-S7,113.93844032859475,-24.11160797934956,-70.76600050195724,92.96745330733569,32.89582470638586,55.526807083472946,127.37244895164073,-41.69673061284483,-70.2505923704825,113.14138227139944,-24.8172381226496,-72.86342495545786,136.38140181294932,-30.572884836147217,-54.182387072740426,111.22267715019498,-56.7725100247722,-62.977208355547674,94.01143668093988,33.94311395805886,52.84555551653352,124.98164284212687,-43.51004194342824,-73.3581711990172,0.0,0.0,N/A,114.67410191858511,-22.30761742985488,-68.38260406905547
Omicron-BA.1-S8,114.02464344611585,-23.87316073833977,-70.60551260861946,92.67701053251501,32.995420522431466,56.51128124463436,126.93009181796192,-42.26792635832457,-70.48363214837255,113.62958603163167,-24.807695200787588,-72.66206976442588,136.02284475219813,-30.798419937149642,-54.8935684706565,111.5517742246556,-56.96986519714219,-62.88435302519187,94.24940480102286,33.45308918338748,52.618208383140086,125.09755818236297,-43.65716428553659,-73.46531803554996,0.0,0.0,N/A,114.6171281154079,-22.317334410616812,-68.50395053645285
Omicron-BA.1.1-S1,114.79766882447291,-23.013238706518433,-68.9852218027461,128.84740943395715,-40.3720510402244,-67.9096027123792,107.03272474760851,-6.584448896798071,-56.33957734875682,123.5703106663416,-40.37164136176188,-73.93295740678444,106.14390083301552,-8.15361467697569,-57.08786819458667,118.17466609667876,-18.231856184171516,-59.54182864648801,59.08000968795322,-16.20122590111102,175.17197176268286,0.0,0.0,N/A,114.21486587160332,-22.572235643329844,-69.23321972114186,117.79068993424163,-48.10341938457819,-84.06260678669564
Omicron-BA.1.1-S2,114.57837886525903,-23.444958224683692,-69.77212262693388,130.02583411552675,-39.35947903495413,-65.73458616112465,107.00971304121207,-6.532221843744625,-56.699308234807944,123.71820592756264,-39.57299710405674,-72.97556114046525,105.85267955100429,-8.594524535834143,-58.584840996304095,118.37340674975366,-17.89526156754993,-59.12426896225738,59.16121482926443,-16.287836466847658,175.34445430522754,0.0,0.0,N/A,114.4777733723336,-22.719356184285726,-69.33913864396087,117.46566389290058,-48.166879496735255,-84.19523482075456
Omicron-BA.1.1-S3,114.7122761771921,-23.1928005108823,-69.23986842524782,125.40441044254553,-43.452151977087404,-73.44182533936971,106.9725236797421,-6.676952062440686,-57.13399457728153,123.5388809976943,-40.14691019914425,-73.93673063557077,105.81629263455565,-8.814333577749194,-58.73208460422863,118.09156677641772,-18.23999016566218,-59.330283395660544,59.39409406895383,-16.620867718306094,176.0543120083059,0.0,0.0,N/A,113.99576371961162,-22.789430549937205,-69.65540172834736,118.79288554931702,-47.615289367518756,-82.6750495685477
Omicron-BA.1.1-S4,114.75090253357419,-23.01321924364786,-69.04366011974251,131.28682274457063,-37.72057464098204,-63.97059889505572,106.93729264096116,-6.601270778657991,-56.21039351510877,122.81975998209468,-40.211596907276615,-73.31527311478737,106.1070419340077,-8.050622420720979,-57.18637382538921,117.99413882527497,-18.158246444789274,-59.526651654057495,59.020073398417374,-16.062083527619006,174.55746407532502,0.0,0.0,N/A,113.87297893056761,-23.126595843273538,-70.04735817541741,117.31903899461166,-48.16972923272367,-84.38823920199656
Omicron-BA.1.1-S5,114.79766882447291,-23.013238706518433,-68.9852218027461,128.84740943395715,-40.3720510402244,-67.9096027123792,107.03272474760851,-6.584448896798071,-56.33957734875682,123.5703106663416,-40.37164136176188,-73.93295740678444,106.14390083301552,-8.15361467697569,-57.08786819458667,118.17466609667876,-18.231856184171516,-59.54182864648801,59.08000968795322,-16.20122590111102,175.17197176268286,0.0,0.0,N/A,114.21486587160332,-22.572235643329844,-69.23321972114186,117.79068993424163,-48.10341938457819,-84.06260678669564
Omicron-BA.1.1-S6,110.40755536399872,-14.67523140935956,-70.57701934251205,91.99878696595168,33.271183214053494,58.1672917048933,129.3976406837444,-39.85769742281706,-66.74324703148886,112.29861010452731,-26.098438317541873,-74.77338968105892,136.62482791462745,-30.587605508357395,-54.75998662136811,106.31636238039978,-57.267842671183246,-68.20755864906774,93.8093307750809,33.9744688885246,53.35698503213365,125.67719960040185,-43.02594911811085,-72.33075070260897,0.0,0.0,N/A,114.81610812935192,-22.230048491917284,-68.42176850593101
Omicron-BA.1.1-S7,114.2512015756028,-23.619701864926398,-69.94556531110129,90.41530904597633,33.15568647216475,59.81182909809097,39.777072544169194,-22.043745372495426,168.5769109117443,113.80391434542815,-24.859504684423694,-73.01875455016842,136.24290701513146,-31.297576709300525,-55.65240204232465,107.09763966055918,-56.366935053674744,-66.65401810388711,93.95976547841065,33.79942257941841,53.37298960247623,125.69460513329886,-43.39790140795806,-73.12936638280867,0.0,0.0,N/A,116.3002899445227,-20.182505054959147,-63.719473859619704
Omicron-BA.1.1-S8,114.79766882447291,-23.013238706518433,-68.9852218027461,128.84740943395715,-40.3720510402244,-67.9096027123792,107.03272474760851,-6.584448896798071,-56.33957734875682,123.5703106663416,-40.37164136176188,-73.93295740678444,106.14390083301552,-8.15361467697569,-57.08786819458667,118.17466609667876,-18.231856184171516,-59.54182864648801,59.08000968795322,-16.20122590111102,175.17197176268286,0.0,0.0,N/A,114.21486587160332,-22.572235643329844,-69.23321972114186,117.79068993424163,-48.10341938457819,-84.06260678669564
Wuhan-A-S1,108.51946815379252,-16.57992657328181,-67.81488127883867,0.0,0.0,N/A,129.11111344337172,-40.21635155138976,-67.70863010021907,112.94863988531658,-25.028130669471697,-72.88300511901298,135.71663776357298,-31.78867293801003,-56.26640619433283,77.05694767738692,-17.180706226117426,-170.36959205130552,93.32926420199057,33.83034610925199,54.12166873778455,114.38665929741441,-23.63136366342492,-69.56716234033296,0.0,0.0,N/A,128.48719025102326,-40.766380127560296,-67.96816632184601
Wuhan-A-S2,108.38151387627845,-16.780327837258348,-68.1685636534262,0.0,0.0,N/A,130.53699835778028,-38.68914319095827,-65.01848999693438,113.44868778545003,-24.76520427500004,-72.47554462703815,135.85970717383128,-31.704453393326624,-56.051659270653936,76.53499971176238,-16.750049104633074,-170.62654102876735,93.19602627762322,33.77509578730167,53.86396210852859,114.4874075809729,-23.396527986277956,-69.33504106727885,0.0,0.0,N/A,128.50019330887852,-40.68325572133944,-67.9986357131108
Wuhan-A-S3,108.56245733964101,-16.66275096577335,-68.13003023973269,0.0,0.0,N/A,130.55440645427103,-38.665314302719715,-65.25233586348013,113.13343030100171,-24.94290355482955,-72.80041934711683,135.55381057031693,-31.672750968999498,-55.9439718340815,111.02845903255464,-49.044505452138125,-60.30094419116776,93.22639652706006,33.854311588749255,53.98620590954849,114.91385801775724,-23.12231656236734,-68.5141059510504,0.0,0.0,N/A,129.03311648188492,-40.34942486374499,-67.88480946227541
Wuhan-A-S4,108.42647639701728,-16.638574111603692,-67.85456221717966,0.0,0.0,N/A,129.7874864922404,-39.41569729813366,-66.23715432328149,113.04952962378428,-24.93162624046724,-72.73471724008795,136.3561518196239,-31.46405524230638,-55.97452735910217,76.70594005231463,-16.65233237002989,-171.1385541601504,93.21176365074734,33.98295928802183,54.2709797734939,114.72327534559244,-23.552208035660833,-69.08811783280673,0.0,0.0,N/A,128.452449846415,-40.778606267427215,-68.17564588230927
Wuhan-A-S5,108.40783798717439,-16.514810946430458,-67.56443935458437,0.0,0.0,N/A,128.44888560861318,-41.03826563752719,-68.89846864615365,113.33102200296818,-24.813759121245365,-72.66253738040378,136.49173535790717,-31.497204817770747,-56.31774294934485,76.67054814633141,-16.891074714084095,-170.60241586269365,93.20952699102988,33.93644256824541,54.25256814400908,114.49324576289835,-23.326042578735393,-69.41503356210914,0.0,0.0,N/A,128.91741241838213,-40.386682022524404,-67.93211887359575
Wuhan-A-S6,108.5694502302847,-16.69549593468347,-67.80344469124881,0.0,0.0,N/A,127.82736990300697,-41.329983013523346,-69.45996663127079,113.21758340657713,-24.814296743920398,-72.78222081052108,135.8131079723384,-31.555780671055814,-55.89960134382827,77.00085075595318,-16.851342105422493,-170.578635408084,93.25817552344243,34.070070931194564,54.51174585562695,114.46214019949832,-23.735447590516124,-69.40251671422578,0.0,0.0,N/A,128.7294474700313,-40.546659456612396,-68.00553688777089
Wuhan-A-S7,108.37417712123457,-16.59613590978615,-68.04311174783285,0.0,0.0,N/A,129.20237610756593,-40.02637860259926,-67.12202344203469,112.82952989905633,-25.135242768498113,-73.21956248298521,135.40744686107524,-32.16656069337245,-56.183035984337025,76.67111358441977,-17.028446127287655,-170.3085133614721,93.28010145711053,33.662174930621184,54.46136030467321,114.67022246158224,-23.618959557550095,-69.23182717441217,0.0,0.0,N/A,128.68614663574604,-40.77373032604175,-68.27860830755075
Wuhan-A-S8,108.5694502302847,-16.69549593468347,-67.80344469124881,0.0,0.0,N/A,127.82736990300697,-41.329983013523346,-69.45996663127079,113.21758340657713,-24.814296743920398,-72.78222081052108,135.8131079723384,-31.555780671055814,-55.89960134382827,77.00085075595318,-16.851342105422493,-170.578635408084,93.25817552344243,34.070070931194564,54.51174585562695,114.46214019949832,-23.735447590516124,-69.40251671422578,0.0,0.0,N/A,128.7294474700313,-40.546659456612396,-68.00553688777089
Wuhan,108.5518576901585,-16.585151940348933,-67.66626362681995,0.0,0.0,N/A,130.1217000266975,-39.144421009073504,-65.94367985245583,113.32361609252422,-24.732505716063088,-72.58164197567626,135.54967225185732,-31.99915628628815,-56.10608750458049,76.47096225106499,-16.595802714526055,-171.2444278752824,93.34413594523454,33.853845478763766,54.117252742317255,114.56022814475794,-23.50463631572395,-69.57637797464356,0.0,0.0,N/A,128.54882426990642,-40.471068319840604,-67.99408452699747
