sequence,residue_344,residue_345,residue_346,residue_347,residue_348,residue_349,residue_350,residue_351,residue_352,residue_353,residue_354,residue_355,residue_356,residue_357,residue_358,residue_359,residue_360,residue_361,residue_362,residue_392,residue_393,residue_394,residue_395,residue_396,residue_404,residue_405,residue_406,residue_407,residue_408,residue_409,residue_410,residue_411,residue_412,residue_413,residue_414,residue_415,residue_416,residue_417,residue_418,residue_419,residue_420,residue_421,residue_422,residue_423,residue_424,residue_425,residue_426,residue_427,residue_428,residue_429,residue_430,residue_431,residue_432,residue_433,residue_434,residue_435,residue_436,residue_437,residue_438,residue_439,residue_440,residue_441,residue_442,residue_443,residue_444,residue_445,residue_446,residue_447,residue_448,residue_449,residue_450,residue_451,residue_452,residue_453,residue_454,residue_455,residue_456,residue_467,residue_468,residue_469,residue_470,residue_471,residue_495,residue_496,residue_497,residue_498,residue_499,residue_500,residue_501,residue_502,residue_503,residue_504,residue_505,residue_506,residue_507,residue_508,residue_509,residue_510,residue_511,residue_512
Alpha-B.1.1.7,2.1163485,1.4299737,0.67780006,0.28138402,0.7504712,1.471605,0.919854,1.2894294,1.1782101,0.113527544,0.48315164,0.5802687,0.6922473,0.26670146,0.66256386,1.0320337,1.128336,1.3588383,1.4470602,1.6015867,0.94781464,0.46758887,0.32118806,0.1330329,0.5688071,0.79049414,1.1813569,0.9167972,0.9480143,0.62615174,0.8772115,1.100403,1.8770708,2.014508,0.69431776,1.2849444,0.9951267,1.6661221,1.8129076,1.1823714,1.3230894,0.3829425,0.3552413,0.765773,1.2846433,1.3367611,1.2581065,0.86940867,0.340071,1.2032474,3.8039289,0.6759604,1.4832073,0.4353056,0.090123296,0.20870589,0.39167568,0.4031108,0.67228484,0.85677415,0.84930384,0.4195874,0.90001136,1.6104866,3.2092416,3.9644996,4.7197576,3.3855964,2.0514352,1.8933895,0.71775925,0.51428527,0.42519712,1.1497263,1.2139053,1.2593101,1.1014439,1.8450776,0.40917626,1.3050656,1.3109927,1.789404,0.7866831,0.9713056,1.9008757,1.8564426,1.5240884,3.4048893,2.043292,0.4014434,0.9269888,0.59077364,0.66205066,0.5900596,0.5207846,0.5299768,0.41683224,0.26836622,0.5530805,0.5926037
Beta-B.1.351,0.8300773,0.6289103,0.5348268,0.7711568,1.0305474,0.91456896,0.6451929,0.86925286,0.7772117,0.5818259,0.5783171,0.5568227,0.22519839,0.64839995,0.58781415,0.50899017,0.50527406,0.5692087,0.72051084,1.3998176,1.4837688,0.45069906,0.25030708,0.3986117,0.87292325,0.862201,0.9541537,0.8475293,0.8745959,1.3168582,1.3902005,1.4293929,1.151309,0.850841,0.9229028,0.49896753,0.8311312,0.61962646,0.5627985,0.25779417,0.6393559,0.44902635,0.57034314,0.3225043,0.37473044,0.8038998,0.6583925,0.4605721,0.3542169,0.7646637,1.2081571,0.9384522,0.8604704,0.7698794,0.63572794,0.6516237,0.40782416,0.6704984,0.68701804,0.52257645,0.6650963,0.9552746,0.9705305,0.8663716,1.0968074,1.319952,1.6247585,1.2831966,0.9773186,0.3979862,0.4842541,0.5441369,0.38326254,0.5140172,0.39715728,0.8889937,1.1347399,1.1554494,0.41689846,0.92868155,1.0937837,1.096977,0.9624234,2.3950918,0.8839331,0.4916437,1.0591162,1.4643233,0.39918235,1.2636414,1.7166499,1.8933417,1.450881,1.0586858,0.44372377,0.21913199,0.3018088,0.68306005,0.7589638,0.67733276
Beta-B.1.351-S1,1.385671,0.93345106,0.7835342,0.738919,1.2945869,0.6580583,1.2322241,1.7812145,1.4277692,1.3102983,1.2592208,1.0773939,0.8765895,0.79714537,0.8776428,0.5135626,1.1052903,1.1597209,0.8298348,0.631982,0.6838322,0.91621023,1.0162137,0.8186509,0.55652213,0.89356846,1.0870488,1.1702828,1.2249552,1.3189119,1.0301499,0.774629,1.1617962,0.8103915,0.8558977,1.5280089,1.7213091,1.6058257,1.1069225,1.4611042,2.2077675,3.2682555,2.262397,0.8298741,1.4990363,1.0608541,1.2694051,2.1427305,1.2526112,0.5549544,0.3559564,0.91573185,0.41529354,0.41108015,0.3840898,0.3584158,0.33915794,0.422926,0.61068124,0.7352093,0.68868566,1.0462486,0.8120949,0.6096136,1.3801597,1.8945546,3.3538926,3.490335,4.1356883,2.84116475,1.5466412,0.6862978,0.6344851,1.1169662,0.56478065,0.9069657,1.3844107,1.6601766,0.58710384,1.8007218,1.8465656,1.369482,0.6873552,1.0253005,0.93154705,1.0452634,1.1017121,0.9655972,0.5595471,0.90111536,1.198405,1.0755509,0.9023451,1.1074713,0.50022495,0.3930255,0.39560837,0.2662837,0.7142415,0.64739555
Beta-B.1.351-S2,1.3746233,0.9057692,0.8681781,0.76647,1.2149117,0.64160186,1.2540438,1.7535706,1.3718065,1.2154453,1.0977074,0.8570162,0.63391197,0.5357881,0.5725469,0.29115263,0.63664526,0.7002266,0.54845417,0.43579885,0.510229,0.6667955,0.89756083,0.6520008,0.73008037,1.1075819,1.2204034,1.276718,1.3436495,1.4220127,1.1605381,0.9451646,1.1508195,0.96114284,1.0872548,1.7127266,1.8924801,1.6643449,1.1526169,1.4443833,2.1656907,3.308748,2.2463183,0.746842,1.3858083,0.9661861,1.0958911,1.9634593,1.123743,0.33728606,0.19777043,0.82354474,0.4627343,0.4530765,0.27317038,0.30445355,0.27474716,0.482651,0.5789251,0.5762097,0.52709997,0.97785217,0.72655493,0.5319668,0.91429394,1.5351605,3.4474747,3.6955082,4.3221173,3.01675575,1.7113942,0.75029236,0.7375917,1.2034918,0.62947124,0.8630838,1.3349854,1.5936503,0.72584665,2.0462916,2.0446646,1.5881236,0.84248585,0.7663224,0.94334245,1.121387,0.8247219,1.0793195,0.6279608,1.0380625,1.2248858,1.1272784,0.87259036,0.9364856,0.35998592,0.33759883,0.4117208,0.32830766,0.6465369,0.5346672
Beta-B.1.351-S3,1.3811694,0.95961493,0.7284924,0.6944129,1.3514415,0.62602377,1.233373,1.7838616,1.434206,1.3249142,1.3206267,1.1584069,0.96747833,0.87243485,0.9534294,0.67744374,1.2874695,1.301226,0.97130597,0.8061925,0.86425424,0.97944885,1.0134003,0.8531552,0.6211514,0.8981565,1.1101485,1.220968,1.2506196,1.3264176,1.0036639,0.7395502,1.1798842,0.7814475,0.80515903,1.4068867,1.646869,1.6059475,1.0874292,1.4048594,2.1957998,3.2737708,2.2030625,0.8334712,1.5378048,1.0900047,1.3417562,2.217842,1.3158665,0.62838936,0.44187164,0.9458135,0.42524782,0.43734223,0.37049165,0.3382588,0.36034015,0.32070374,0.5530106,0.72231156,0.7798934,1.0818149,0.875094,0.62349653,1.4652797,4.6619,4.216659766666667,3.771419533333334,3.3261793,2.3486453000000003,1.3711113,0.66023976,0.5523583,1.0476385,0.512792,0.90290296,1.4247036,1.5514945,0.53775096,1.8576872,1.9311534,1.5713956,0.6690385,1.0594176,1.064383,1.3185886,0.9800425,1.3489263,0.44346237,0.99171126,1.3890396,1.2590482,0.8870233,1.0208477,0.5061559,0.38993147,0.37002283,0.28552565,0.7457366,0.6895354
Beta-B.1.351-S4,1.3746233,0.9057692,0.8681781,0.76647,1.2149117,0.64160186,1.2540438,1.7535706,1.3718065,1.2154453,1.0977074,0.8570162,0.63391197,0.5357881,0.5725469,0.29115263,0.63664526,0.7002266,0.54845417,0.43579885,0.510229,0.6667955,0.89756083,0.6520008,0.73008037,1.1075819,1.2204034,1.276718,1.3436495,1.4220127,1.1605381,0.9451646,1.1508195,0.96114284,1.0872548,1.7127266,1.8924801,1.6643449,1.1526169,1.4443833,2.1656907,3.308748,2.2463183,0.746842,1.3858083,0.9661861,1.0958911,1.9634593,1.123743,0.33728606,0.19777043,0.82354474,0.4627343,0.4530765,0.27317038,0.30445355,0.27474716,0.482651,0.5789251,0.5762097,0.52709997,0.97785217,0.72655493,0.5319668,0.91429394,1.5351605,3.4474747,3.6955082,4.3221173,3.01675575,1.7113942,0.75029236,0.7375917,1.2034918,0.62947124,0.8630838,1.3349854,1.5936503,0.72584665,2.0462916,2.0446646,1.5881236,0.84248585,0.7663224,0.94334245,1.121387,0.8247219,1.0793195,0.6279608,1.0380625,1.2248858,1.1272784,0.87259036,0.9364856,0.35998592,0.33759883,0.4117208,0.32830766,0.6465369,0.5346672
Beta-B.1.351-S5,1.3746233,0.9057692,0.8681781,0.76647,1.2149117,0.64160186,1.2540438,1.7535706,1.3718065,1.2154453,1.0977074,0.8570162,0.63391197,0.5357881,0.5725469,0.29115263,0.63664526,0.7002266,0.54845417,0.43579885,0.510229,0.6667955,0.89756083,0.6520008,0.73008037,1.1075819,1.2204034,1.276718,1.3436495,1.4220127,1.1605381,0.9451646,1.1508195,0.96114284,1.0872548,1.7127266,1.8924801,1.6643449,1.1526169,1.4443833,2.1656907,3.308748,2.2463183,0.746842,1.3858083,0.9661861,1.0958911,1.9634593,1.123743,0.33728606,0.19777043,0.82354474,0.4627343,0.4530765,0.27317038,0.30445355,0.27474716,0.482651,0.5789251,0.5762097,0.52709997,0.97785217,0.72655493,0.5319668,0.91429394,1.5351605,3.4474747,3.6955082,4.3221173,3.01675575,1.7113942,0.75029236,0.7375917,1.2034918,0.62947124,0.8630838,1.3349854,1.5936503,0.72584665,2.0462916,2.0446646,1.5881236,0.84248585,0.7663224,0.94334245,1.121387,0.8247219,1.0793195,0.6279608,1.0380625,1.2248858,1.1272784,0.87259036,0.9364856,0.35998592,0.33759883,0.4117208,0.32830766,0.6465369,0.5346672
Beta-B.1.351-S6,1.3569428,0.8944747,0.8797765,0.77531546,1.2100207,0.6518259,1.2595367,1.7570982,1.3621826,1.2009622,1.0916233,0.8445603,0.62379867,0.52776825,0.5655522,0.29128855,0.644855,0.70647687,0.5350455,0.42845574,0.5008536,0.67068195,0.901453,0.652341,0.7431222,1.1397171,1.2249085,1.266843,1.3414265,1.421179,1.1560017,0.94593716,1.140197,0.97741306,1.0926598,1.7439421,1.8992275,1.6534404,1.1530176,1.4524415,2.1476886,3.3002985,2.232015,0.7322875,1.3608521,0.9510843,1.0867661,1.9478083,1.118008,0.32997084,0.1870028,0.8223393,0.4561204,0.45101112,0.27514714,0.29775658,0.25754598,0.50477797,0.5954673,0.57552236,0.51570576,0.9899948,0.76947516,0.6011924,0.36795908,1.4365656,3.2322152,3.7182064,4.1880565,2.9683254,1.7485943,0.76713514,0.75914764,1.2152814,0.6446247,0.8705815,1.318282,1.566155,0.7639381,2.0854354,2.0840325,1.6307749,0.8852305,0.7190642,0.9853756,1.210072,0.7752112,1.1177362,0.6786392,1.1252549,1.2408665,1.1655107,0.9060849,0.9436897,0.35560074,0.34347695,0.42474124,0.31713423,0.6305076,0.5222892
Beta-B.1.351-S7,1.3473963,0.89348763,0.8722671,0.7821235,1.2169877,0.6459978,1.28752,1.7805114,1.3955047,1.237013,1.1102225,0.8786475,0.6649882,0.61679304,0.65284336,0.214024,0.6542355,0.7135515,0.5460221,0.3250718,0.40743715,0.7672727,1.004532,0.73968834,0.6856332,1.0756614,1.2097237,1.2765222,1.345919,1.4317796,1.1426728,0.90821624,1.1520219,0.93252033,1.0749528,1.6861414,1.8923534,1.687157,1.1656656,1.3859992,2.1472447,3.3270369,2.227724,0.7684335,1.4453306,1.0155452,1.1622107,2.0528724,1.2047614,0.42233396,0.2045383,0.87297547,0.48130032,0.48201352,0.3494996,0.34384012,0.32207283,0.5192874,0.5718333,0.58382857,0.49285725,0.91188157,0.67030877,0.381412,1.209059,1.7752876,3.693105,3.8170679,4.50495,3.1076384,1.7103268,0.7431749,0.74505913,1.2153038,0.6452566,0.849322,1.3183389,1.5578816,0.7010047,1.9956294,1.9925938,1.5147189,0.8388074,0.771276,0.91922814,1.109569,0.83797216,1.0219858,0.58206415,0.99235857,1.1594901,1.0770506,0.84716535,0.9628113,0.38106307,0.39071602,0.4228427,0.27371687,0.6352331,0.5306807
Beta-B.1.351-S8,1.4104754,0.9401795,0.8087053,0.76741695,1.3439922,0.6878002,1.2632394,1.8199302,1.4472059,1.3407276,1.2880454,1.1011343,0.9000999,0.7862656,0.86487114,0.5706585,1.1323518,1.172946,0.8486068,0.6992919,0.740068,0.87636113,0.9568311,0.7829714,0.60869795,0.9508909,1.1126279,1.1907969,1.2390299,1.3283135,1.0545714,0.8155718,1.191061,0.8634196,0.86238426,1.5539684,1.7533858,1.6334387,1.1484001,1.4718724,2.1698856,3.2517288,2.2465158,0.8506667,1.501777,1.0632875,1.2644128,2.113892,1.2258047,0.51438725,0.34762752,0.89559156,0.405702,0.40801334,0.35007015,0.3092198,0.28954673,0.40433893,0.605799,0.7023242,0.6950729,1.0719795,0.8135934,0.5360682,1.3725957,2.1001234,3.6584215,3.6458569,4.023397,2.7902681,1.5571392,0.72660094,0.67198074,1.1464351,0.59111583,0.9089213,1.3588439,1.6184233,0.59889996,1.820675,1.8604741,1.4012196,0.7331963,0.9873247,0.95516634,1.0559503,1.0534937,1.0208968,0.5665236,0.92215204,1.227816,1.0974611,0.8881661,1.0473634,0.45218685,0.3411472,0.42184836,0.30351302,0.7430021,0.67970365
Delta-B.1.617.2,1.5252024,1.5218043,1.2505319,0.97639114,0.6838122,0.8391253,0.5725916,0.88495785,0.67519635,0.9116603,0.6305349,0.17787306,0.39264533,0.8924731,0.88264525,0.71468234,0.8024219,0.6972737,0.80321944,1.2634486,0.7538055,0.690763,0.8832445,0.5601099,0.8121004,0.62839955,1.1087034,1.1751448,1.158601,1.053069,1.0423139,1.0042517,1.3781154,1.4133532,0.29942262,0.7980146,1.0452423,0.9130911,1.1136122,0.8452401,1.3010329,0.42041242,0.5805717,0.90391034,0.8804895,1.0917175,1.242832,1.573223,1.1178715,0.43345916,0.8181964,0.96089745,0.64568955,0.62234646,0.39560863,0.3814259,0.16689721,0.62590003,1.1082971,0.69973314,0.5199905,0.85634744,0.53981984,0.55091053,0.24093625,0.16136381,1.7530099,1.2609632,1.346333,1.1750985,1.0860436,0.5225653,0.78277415,0.9438276,0.62494713,0.65569127,0.9364322,1.5656384,1.0769734,0.77319497,1.3582909,1.2900696,0.9315654,2.1555781,0.415345,0.75894046,0.5761341,0.6338118,1.006464,0.9401492,0.81328386,0.6204917,0.64774436,0.9137183,1.0351756,0.69369423,0.7229363,0.27107537,0.66026056,0.69152284
Delta-B.1.617.2-S1,1.0654464,0.7446397,0.38793018,0.43023354,0.8263402,0.39561728,0.88788456,1.2815336,0.92215896,0.774533,0.78728896,0.6701798,0.6581025,0.81965125,0.9536828,0.42388758,1.2063087,1.2766862,1.0693028,0.6143916,0.51213604,0.9687796,1.1088053,0.82117623,0.41978467,0.44906342,0.8111156,0.80294263,0.551515,0.6991095,0.72429925,0.37593743,0.91301596,1.0784823,0.84894896,0.34252864,0.1922654,0.520717,0.488683,0.43781838,0.123036526,0.46547836,0.39315262,0.83905566,1.1651666,0.67468953,1.1024159,2.1955273,1.272112,0.7754068,0.41084534,0.65461755,0.1682382,0.20386754,0.5249247,0.59500825,0.5273876,0.5136974,0.5576389,0.7965104,0.7033078,0.9311965,0.69658005,0.45961887,1.1965178,4.463832,4.3760898,4.2883476,4.2006054,2.73667055,1.2727357,0.45594406,0.35126358,0.6548044,0.6867033,0.42707962,0.9260611,1.0208634,0.23319046,1.3580699,1.4732193,1.4609042,0.6251756,0.8959394,1.6900812,3.5252023,1.8443375,1.9871702,1.9498464,1.5034956,1.4619122,1.41536,0.92602545,1.2798443,0.7194673,0.6254931,0.25264588,0.31478426,0.50089115,0.4273792
Delta-B.1.617.2-S2,2.035119,1.7172567,1.4569044,1.3544215,1.7059997,1.5154253,1.7328876,2.2792382,1.8328211,1.8685515,1.9592932,1.6719934,1.2926971,1.0281096,0.71933657,0.55533236,0.78186095,0.5983433,0.48202345,0.4706228,0.23849976,0.96501803,1.1102833,0.9466853,0.6112373,0.99709034,1.3297994,1.4050771,1.4514372,1.7146568,1.6217402,1.5476967,2.1771653,1.770326,1.8746148,2.2197497,2.1316698,1.705118,1.4909757,1.7139095,1.8294791,2.5313168,4.75779,2.2530065,2.6301258,2.2839353,2.839511,3.9594948,3.0249407,1.6017549,1.2695019,1.5786865,1.0425166,0.9019078,0.4296147,0.3981328,0.5385221,0.44993922,0.87080353,0.9176365,0.9832022,1.1848323,1.0689929,0.70688593,2.041913,2.3006436,2.5593742,2.8181048,3.0768354,3.335566,2.5618465,1.8794322,1.1216894,2.007871,1.2463189,2.061286,1.4897577,1.6853462,1.0344588,2.4232447,2.714218,2.7212453,1.5917214,1.5182632,0.77812886,1.6920787,0.8962996,1.5352868,1.0250946,1.4070588,1.4710698,1.3451548,0.9684805,1.1469309,0.539115,0.36781105,0.48522472,0.3817133,0.7531873,0.80399555
Delta-B.1.617.2-S3,1.1030488,0.78949213,0.40582544,0.425805,0.8168268,0.4076972,0.8795172,1.3155882,0.93798816,0.77659917,0.7824933,0.66844547,0.6596077,0.83524746,0.9582003,0.43702874,1.2309529,1.2734048,1.0815332,0.60327756,0.47518706,0.9692212,1.1173792,0.82601863,0.44114107,0.46798924,0.7972787,0.7982644,0.5496982,0.698614,0.72543734,0.36602458,0.9478744,1.1388229,0.886792,0.3762687,0.20957598,0.5319598,0.49967805,0.45368493,0.18226625,0.42350566,0.4433936,0.8747719,1.222531,0.72101384,1.1654141,2.2771783,1.3367834,0.7858836,0.40277788,0.6765065,0.1802052,0.22396648,0.5324829,0.6187681,0.56169385,0.5334063,0.58654505,0.8395628,0.7554423,0.9378663,0.7364781,0.51879543,1.285878,4.8721747,4.417788066666667,3.963401433333334,3.5090148,2.4399344000000003,1.370854,0.48129046,0.41442388,0.6791437,0.6779672,0.40670612,0.9746851,1.0440851,0.2770863,1.4061924,1.4817113,1.484396,0.6467012,0.88060164,1.7179477,3.55259,1.8580916,1.9716333,1.9893786,1.5022213,1.4604207,1.4063373,0.9139884,1.3051504,0.7464994,0.64140826,0.24726728,0.32042152,0.49052936,0.42436182
Delta-B.1.617.2-S4,1.165584,0.8919721,0.37415794,0.38221183,0.8966655,0.43954164,0.8724781,1.3872381,0.9978999,0.84230304,0.8487317,0.7376973,0.70030427,0.87935174,1.0081196,0.47766674,1.2552687,1.2702917,1.085086,0.5867381,0.44879612,1.0108598,1.1690824,0.86478543,0.5037707,0.53045654,0.8477984,0.858979,0.598834,0.7539131,0.7872058,0.39149988,1.0445775,1.2767011,0.9803394,0.44344562,0.18370079,0.43012348,0.41652232,0.4484394,0.3501442,0.400436,0.59493256,0.97760785,1.3616064,0.87645245,1.3486995,2.4792976,1.5501218,0.8301726,0.38556588,0.77098954,0.26535633,0.28757098,0.4854781,0.62067026,0.5927096,0.48789492,0.62940466,0.92836493,0.8966789,1.0509834,0.82847136,0.6286184,1.3443065,4.921674,4.6290070000000005,4.33634,4.043673,2.72646865,1.4092643,0.6039012,0.53533274,0.7032679,0.68905795,0.49427247,1.2129173,1.3412538,0.34691972,1.450126,1.5514231,1.6640543,0.74694127,0.95129013,1.7544122,3.5373387,1.8969048,1.948191,1.8757676,1.4862133,1.5242451,1.4629132,0.91500944,1.3064526,0.75019336,0.61445916,0.17175862,0.36989334,0.5074219,0.42686537
Delta-B.1.617.2-S5,0.7210509,0.41907707,0.5618096,0.6805023,0.49829796,0.4339784,0.87626195,0.8663278,0.6326965,0.5221197,0.51069546,0.42294455,0.527642,0.7409305,0.8464081,0.16729972,0.87199146,1.0718896,1.0059943,0.6559798,0.5837756,0.74886286,0.95903105,0.72539395,0.5439433,0.40886852,0.77331245,0.6032263,0.6949198,0.9671443,0.9928827,0.8622702,0.7331977,0.7629477,0.8181307,0.579527,0.85281473,0.85683024,0.44558287,0.23347162,0.6191325,0.5216521,0.49278906,0.4156668,0.4182738,0.23093957,0.42743275,1.4959235,0.6942537,0.7433946,0.6051592,0.3655492,0.2109836,0.14435364,0.5484742,0.5094115,0.33365414,0.58445066,0.47858593,0.42480564,0.5196112,0.9772021,0.7217431,0.70179063,2.297914,2.5919412,2.8859684000000003,3.1799956,3.4740228,3.76805,2.31288,1.4902965,0.36495152,0.37186724,0.7925994,0.846168,0.9708583,1.0249041,0.32261592,0.9011236,1.177214,0.2890954,1.3832139,2.2669451,0.543401,0.89519763,0.6498093,1.3750159,0.42872947,0.9907062,1.3632745,1.3705245,0.88275063,1.1704519,0.591393,0.4832524,0.3105191,0.35965806,0.4907727,0.36580867
Delta-B.1.617.2-S6,2.041043,1.7066196,1.4600447,1.3590608,1.7517332,1.5265292,1.7697561,2.3271947,1.8823837,1.9447387,2.0649834,1.8002421,1.4346054,1.1929386,0.883579,0.69908094,0.99242544,0.7579616,0.44121268,0.54400873,0.44158238,1.0880743,1.1724054,1.0568795,0.6082056,0.9911508,1.3291746,1.414722,1.4708792,1.7236335,1.6264285,1.5626433,2.2363293,1.791738,1.8612959,2.1834235,2.1328506,1.7548805,1.5116694,1.7086616,1.8084735,2.5099177,4.773069,2.3068388,2.7063928,2.3587887,2.9314408,4.0532885,3.103562,1.6863602,1.3254353,1.6173393,1.0445107,0.9188698,0.4479751,0.39189404,0.5408374,0.42638585,0.8686522,0.9430177,1.0470798,1.2398391,1.1080686,0.7463026,2.0535777,2.31186376,2.57014982,2.82843588,3.0867219400000003,3.345008,2.3942096,1.8031933,1.0885944,1.9878535,1.2502246,2.0476024,1.3979307,1.6590679,0.9911116,2.3291826,2.6406665,2.6419995,1.5575473,1.5503039,0.77967525,1.6310102,0.9002445,1.515436,0.9579903,1.3595966,1.4755517,1.3232782,0.9288647,1.1394148,0.53670967,0.3514856,0.490099,0.39935705,0.81267214,0.8733005
Delta-B.1.617.2-S7,0.99846256,0.68967974,0.35928082,0.40594938,0.8702767,0.3750055,0.88678384,1.327158,0.943213,0.81193966,0.8400731,0.7370918,0.7363518,0.9068817,1.0690515,0.56126475,1.3728907,1.4163803,1.2299913,0.72693753,0.55629647,0.9973639,1.1419643,0.8612668,0.45734036,0.4789331,0.8207905,0.8079635,0.5424935,0.7043027,0.73747736,0.3651861,0.9686145,1.160578,0.8916796,0.37234986,0.21608137,0.49049056,0.4600262,0.4375638,0.20406371,0.4149515,0.4921565,0.88562286,1.2337561,0.7430169,1.1846049,2.2668126,1.3461894,0.7870686,0.44641802,0.72148037,0.19783549,0.20175496,0.49039888,0.55048305,0.49238822,0.47517836,0.5203509,0.75635266,0.69563323,1.0017552,0.7227076,0.56563455,1.6594571,3.9815512,3.5358497333333334,3.0901482666666666,2.6444468,2.1431851,1.6419234,0.5744236,0.47151837,0.63150936,0.66532516,0.40859234,1.0480989,1.085311,0.19624025,1.3693709,1.5012728,1.5130019,0.71787685,0.8989269,1.7406275,3.5203183,1.8603817,2.0076926,1.9270722,1.505154,1.4835676,1.4323726,0.8935937,1.2608045,0.6889897,0.58203435,0.22718714,0.31519538,0.5653645,0.4772933
Delta-B.1.617.2-S8,1.0905167,0.60723054,0.659234,0.67725503,1.0956656,0.45574212,1.1638772,1.6406093,1.2715484,1.1021566,1.1068132,0.96501225,0.9196971,0.92284,1.0806098,0.7432748,1.4863496,1.5617449,1.2829722,1.0943176,1.0135971,1.0938988,1.12618,0.90349644,0.45375538,0.7178149,0.77910256,0.7940107,0.44651324,0.5744267,0.63013417,0.2831871,1.03683,0.97817504,0.58121943,0.29379424,0.21210863,0.6790262,0.74437153,0.6539952,0.35979322,0.5107563,0.53022754,1.120777,1.5076966,1.010911,1.4939951,2.4356482,1.4205381,0.8361135,0.65205926,0.8764411,0.3702795,0.3093492,0.5918125,0.43368286,0.3273836,0.53203595,0.5408308,0.67141515,0.66997266,1.0761615,0.77124524,0.5992099,1.7344258,2.6664145,4.020086,4.108542,4.389663,2.9126862499999997,1.4357095,0.6090674,0.7024483,1.0494922,0.806733,0.6000823,0.8959758,1.0182639,0.5141694,1.738899,1.7672669,1.7778535,0.52589846,1.1810714,0.7784182,0.8843646,1.084438,0.89310807,0.44486162,0.7250898,1.0650969,0.96341926,0.8204073,1.1673776,0.5121291,0.45393953,0.4498323,0.19629589,0.7552431,0.7102373
Gamma-P.1,0.88554764,0.93081343,0.4586948,0.24267831,0.9749427,0.4571918,0.52682716,0.91826624,0.56889045,1.152383,1.4159588,1.4020535,0.5063028,0.6794523,0.8101337,0.15776537,0.26698875,0.63870573,0.964428,0.810612,1.8783963,1.7393172,0.29524502,0.37249663,0.75366837,0.90153974,0.76472247,0.8348406,0.8286164,0.8303314,0.9228427,0.7822814,1.4668909,1.6254563,0.42227298,0.7270137,0.91272813,1.2896205,1.5942631,0.9603395,1.5584873,1.1827625,1.3426645,0.8845513,1.0960495,1.2383305,0.66307455,1.233575,0.60490197,0.90179825,0.8993132,1.1459287,0.6926723,0.62678605,0.5015242,0.9648377,1.1286064,0.7804375,1.2539299,1.0880086,0.9399315,0.99141175,0.89821154,1.0970328,0.4954054,1.2705561,2.114759,1.6992263,1.1666192,0.71483797,0.62626773,0.5465027,0.5274303,0.6617625,0.73533934,0.51629794,1.7859353,0.9139127,0.86895233,1.5082706,1.3971722,0.6690208,1.8262382,1.6316656,0.16349752,1.3277738,0.84439415,1.4593657,1.193294,1.595095,2.350129,2.3122954,1.4029006,1.2401913,0.86327225,0.5788233,0.41032413,0.917037,0.9680462,0.8279607
Gamma-P.1-S1,1.3672825,1.0111037,0.7711551,0.6784344,1.3489904,0.6929834,1.1934564,1.8148371,1.4651576,1.3198931,1.2956351,1.091503,0.8517251,0.89376664,0.95949,0.35850525,1.0314696,0.9862752,0.8281611,0.41955534,0.2614442,1.026901,1.2376564,0.9422233,0.72605264,1.115237,1.2283291,1.2985104,1.3298684,1.4568586,1.2031018,0.96667075,1.3423603,1.0841554,1.115399,1.8486618,2.1071563,1.7126976,1.243542,1.5020711,2.122127,3.184877,2.4907603,0.9746352,1.623641,1.2737381,1.4642475,2.30738,1.5271631,0.6120138,0.4879568,1.1127876,0.60693365,0.5534374,0.37912259,0.38889715,0.42306647,0.33538646,0.58653045,0.75379187,0.8911351,1.1151057,1.0415863,1.0154101,2.8200061,2.944348,3.2139193333333336,3.4834906666666665,3.753062,2.56787515,1.3826883,0.7144466,0.62856853,1.0482742,0.58645356,1.0003872,1.0205075,1.9343427,0.60782963,1.8365388,2.1829839,2.6026654,0.8527517,0.9278409,1.3913649,1.9491379,1.1639262,2.0450509,1.274571,1.8012348,2.778852,3.0161114,1.8898046,1.1475065,0.54675126,0.40084603,0.342618,0.32419288,0.72280633,0.65600747
Gamma-P.1-S2,1.3933988,1.0323782,0.7735512,0.73396766,1.476797,0.7515537,1.2366205,1.8899177,1.5734684,1.434008,1.4658582,1.2926615,1.0678792,1.0679344,1.136994,0.7000022,1.3813542,1.2968694,1.0466383,0.6690219,0.6167125,1.1352435,1.2469784,1.0303911,0.71396995,1.0891471,1.2103288,1.2975482,1.3183042,1.4458785,1.1790267,0.9431104,1.409909,1.053192,0.99369246,1.694687,2.0139098,1.752392,1.2716334,1.4735185,2.111064,3.1730697,2.4511895,1.0491536,1.7211245,1.3541158,1.5682223,2.3952756,1.5811352,0.71329165,0.6090607,1.1783262,0.6069673,0.55854636,0.3913771,0.32638168,0.38482618,0.27577853,0.6032918,0.7765029,0.96213806,1.2655411,1.1321967,0.99432033,2.4851344,3.360338,3.5564216666666666,3.7525053333333336,3.948589,2.6302611000000002,1.3119332,0.7732749,0.6524915,1.0516475,0.61635196,0.97881436,0.9579836,1.9502515,0.70233965,1.7247539,2.080906,2.4989972,0.8604323,0.94483155,1.4540659,2.2466843,1.3688674,2.0599918,1.38672,1.6911759,2.6953473,2.9155805,1.8453966,1.1708378,0.5390788,0.36108294,0.38174966,0.35173294,0.83073825,0.7859688
Gamma-P.1-S3,1.4520307,1.0782813,0.8113001,0.7480083,1.4699078,0.77467597,1.2449121,1.9109825,1.5841774,1.4302577,1.4438975,1.2303487,0.97577727,0.8938625,0.92613,0.50791854,1.1003902,1.0489981,0.7919024,0.51781195,0.45091113,0.94136333,1.0945535,0.8794459,0.81358117,1.2034625,1.2841192,1.3547407,1.3793943,1.5020295,1.238695,1.008255,1.4157265,1.1133436,1.0909508,1.8026849,2.1142912,1.8015268,1.3127868,1.4980273,2.0517635,3.126136,2.496953,1.065853,1.6917955,1.3220122,1.5289032,2.3583496,1.5433774,0.609454,0.50500375,1.10347,0.57946694,0.5447141,0.28744572,0.29313844,0.3668501,0.21594872,0.6270936,0.7456231,0.96790284,1.2877411,1.1287867,0.90233743,2.344482,3.3996115,3.5856928999999997,3.7717743,3.9578557,2.66301005,1.3681644,0.81325674,0.69749635,1.1020738,0.6786023,0.9696672,0.88109106,2.0339215,0.75823873,1.7653098,2.077272,2.5080519,0.94502795,0.8982751,1.5472305,2.4055688,1.5025678,2.210588,1.5019755,1.8081758,2.7481856,2.8639567,1.7480963,1.094102,0.4890123,0.29895347,0.38665876,0.402455,0.8093633,0.75013876
Gamma-P.1-S4,1.4819125,1.1238043,0.8491324,0.7557059,1.4429998,0.7896151,1.2623607,1.9278678,1.5917839,1.4096473,1.3976449,1.1667538,0.8973052,0.86069846,0.88505894,0.38640118,1.0107206,0.9332486,0.72565705,0.40434983,0.2682089,0.94532186,1.1458833,0.88506454,0.7885709,1.2167064,1.2930248,1.3599123,1.4160898,1.5433307,1.2678146,1.0393202,1.4246529,1.1591158,1.1730862,1.8609707,2.1874745,1.837156,1.3510978,1.4683602,2.0097926,3.1400578,2.4885888,1.0708586,1.7174456,1.3493623,1.5584333,2.406314,1.5968726,0.6349787,0.5169168,1.1188561,0.6127976,0.5687295,0.3251908,0.35488874,0.41687995,0.2696313,0.63584274,0.7763338,0.9676698,1.2314298,1.1106145,0.9539827,2.4682279,3.2615185,3.4433412000000003,3.6251639,3.8069866,2.6435943,1.480202,0.8101734,0.75931185,1.1602162,0.72413975,0.96788496,0.8971024,2.0048773,0.7724106,1.777467,2.079556,2.5049772,0.96372896,0.8683302,1.5270454,2.2954583,1.3446221,2.1254601,1.488051,1.8379692,2.765227,2.9156919,1.780531,1.1227933,0.500019,0.34889117,0.36151227,0.3582695,0.7546928,0.69747406
Gamma-P.1-S5,1.465624,1.1349771,0.88143885,0.7814231,1.4807814,0.81959105,1.3008513,1.9860864,1.6484118,1.4704497,1.4541821,1.2522309,0.99976677,1.0258756,1.0531411,0.48585913,1.1180806,1.0181106,0.8344539,0.56560946,0.43207157,1.1743039,1.34885,1.0629108,0.6854763,1.1284792,1.2453657,1.3384235,1.4054018,1.5628059,1.2671653,1.0278668,1.491023,1.1712848,1.1685244,1.8483404,2.1846118,1.8652098,1.3901433,1.4268655,1.9508477,3.1233592,2.5186641,1.1367466,1.8312583,1.464655,1.7066988,2.5852108,1.7842882,0.8426279,0.6904317,1.2548547,0.71720594,0.6471767,0.4646698,0.43371192,0.47833174,0.3762704,0.66396236,0.8438638,1.0127834,1.2192303,1.1215837,1.0146807,2.696751,3.0399535,3.2803868,3.5208201000000003,3.7612534,2.6267239,1.4921944,0.83845013,0.78239775,1.1593252,0.73922485,0.9957377,0.95091647,1.9761627,0.81463975,1.6184715,1.9236963,2.3125744,0.93695354,0.9516311,1.4963847,2.2227418,1.2823205,1.9541476,1.3720301,1.7345893,2.7404523,2.999144,1.9018047,1.234184,0.5717561,0.43930176,0.36920056,0.2857795,0.75696564,0.737695
Gamma-P.1-S6,1.3945224,1.045013,0.7860513,0.7459321,1.5181097,0.7848796,1.2724164,1.9481581,1.6218625,1.4815918,1.5110667,1.3449067,1.1212258,1.1478206,1.2075142,0.75477433,1.4459026,1.3261212,1.0628579,0.7387148,0.66134846,1.2190791,1.3465444,1.1064514,0.70812535,1.1022322,1.2356216,1.3243334,1.3500092,1.4932505,1.2185028,0.97521955,1.4626776,1.1045996,1.045656,1.735936,2.072544,1.7896569,1.3228283,1.4501096,2.024018,3.1448517,2.5066714,1.1172063,1.7919266,1.4347876,1.665051,2.508989,1.7112935,0.8095484,0.706442,1.2609391,0.6814595,0.61313015,0.42175463,0.33608645,0.401981,0.28577077,0.6244649,0.8243153,1.0294698,1.2953588,1.176142,1.0630687,2.638958,3.0807436,3.3946815,3.7086194,4.0225573,2.66460645,1.3066556,0.8083646,0.6845629,1.0567808,0.6315519,0.9513644,0.9547499,1.940625,0.7384341,1.6024522,1.9612429,2.3719633,0.8926013,0.9903651,1.5004377,2.3632016,1.4671768,2.0446742,1.3941833,1.6638097,2.6801002,2.918211,1.8657873,1.2134883,0.5602042,0.37233847,0.3781058,0.35642278,0.85181344,0.8213373
Gamma-P.1-S7,1.4327329,0.9811062,0.6786809,0.65896,1.3190308,0.59511584,1.1776656,1.6948419,1.3760793,1.2843149,1.3169652,1.1561806,1.0134981,0.83048266,0.9575179,0.9184785,1.4854198,1.539476,1.2018596,1.141647,1.2170593,0.98185384,0.8242092,0.7328068,0.74138,1.0250199,1.1443535,1.2029889,1.2009085,1.2430905,0.910473,0.7068215,1.0798621,0.7836043,0.6399423,1.4121231,1.6345024,1.6193606,1.0755963,1.5445297,2.400005,3.3220744,2.133211,0.75621754,1.4024736,0.9465447,1.1517909,1.9262888,1.0021511,0.622706,0.54916847,0.8070317,0.30206096,0.27475238,0.26607138,0.30204806,0.35633302,0.19572681,0.54055375,0.69532853,0.9209948,1.2680403,1.0773326,0.98693216,2.3287146,3.2652416,3.5316044,3.7979672,4.06433,2.6258493,1.1873686,0.57205665,0.47378963,1.0462857,0.5361467,0.9178138,1.4912441,1.7338418,0.7068991,2.0693815,2.1370792,1.6806142,0.704978,0.907791,1.1830794,1.6390454,1.049726,2.0154204,1.0911766,1.3714441,1.9967145,1.9785357,1.3315955,0.9821985,0.5086247,0.33397347,0.34472921,0.36799738,0.76600057,0.7291776
Gamma-P.1-S8,1.2831141,0.9417993,0.68184745,0.6428754,1.3387733,0.6370637,1.139214,1.7372314,1.4168658,1.2953941,1.3224666,1.1655285,0.9688359,1.0393503,1.132529,0.62713116,1.3329854,1.2578973,1.0521022,0.5827815,0.50941634,1.1427256,1.296159,1.0233294,0.5917142,0.9388871,1.1261151,1.2138683,1.2124046,1.3183528,1.0653986,0.8157389,1.2532912,0.90769684,0.909546,1.6407281,1.8798497,1.5712601,1.1129259,1.5221264,2.2614663,3.2538283,2.4284458,0.89488214,1.5902565,1.2276864,1.4293531,2.271243,1.4757687,0.666994,0.53319246,1.1249624,0.5808032,0.52982706,0.44477502,0.41150573,0.43713275,0.37934312,0.5759912,0.76369286,0.83838475,1.1092093,0.8776159,0.60964394,1.0899057,4.8441877,4.407205133333333,3.970222566666667,3.53324,2.4344396,1.3356392,0.68143165,0.52477014,0.9246936,0.45435327,1.0571644,1.1369054,1.8908069,0.4851072,1.842729,2.2512543,2.69657,0.73851883,0.9945463,1.3887492,2.3132143,1.3897684,1.9274465,1.376551,1.6199597,2.6775312,2.9983175,1.9518903,1.2828823,0.625051,0.46833137,0.3378593,0.29372272,0.7505392,0.69405246
Omicron-BA.1,4.24579475,4.669597,3.5974605,3.2289214,2.306016,1.597543,2.3303459,3.555954,3.6543012,3.4837742,3.8653114,4.892339,4.6214914,3.746568,1.955647,0.7316636,1.2934965,1.4029869,1.4739125,1.2647381,1.125021,0.8682596,0.2947189,2.3087313,4.54675,2.0689867,3.3340664,4.1049995,3.7341492,2.5269656,1.545365,1.5280155,1.8683242,2.9989295,1.6660104,1.7840407,2.3623285,3.557063,3.3890736,2.5629218,2.5828283,2.4068024,2.3292778,2.8517222,3.3504913,3.8944104,4.285567,4.046829,3.2611651,3.0202866,3.415353,3.275555,2.8025124,1.5632151,2.1965404,2.7389116,4.2563276,4.12637745,3.9964273,4.5128384,3.1414506,2.9879165,3.5931144,3.6321533,3.1054115,3.5072655333333334,3.9091195666666665,4.3109736,2.7506697,1.7851841,1.1901164,0.59573585,1.3479685,1.0412456,0.9998735,0.8000643,1.6908959,1.3505032,0.4670458,1.4532228,0.4290815,1.8012366,0.642561,2.1505682,0.7167826,3.1408503,3.492454,4.1507535,3.088419,2.63342,1.2516234,2.9749873,1.1959246,2.780744,2.6014538,0.6782562,1.6424773,1.6797847,2.2395642,2.2062247
Omicron-BA.1-S1,1.5363938,1.1667755,0.75573355,0.8833243,1.1364436,0.89643526,1.5256569,1.926258,1.4945201,1.2808236,1.1786072,1.0111079,0.878209,0.72199845,0.7928208,0.74285483,1.219628,1.2827171,1.0144993,1.0705746,1.1976517,0.8831956,0.8245148,0.7146172,0.69863456,1.1014547,1.3624843,1.4763097,1.4450898,1.424484,0.98394454,0.629379,0.9962658,0.4333937,0.8304429,1.0572363,1.0974824,1.8173344,1.0815574,1.287466,2.6736062,3.72459,1.6861348,0.7881299,1.666302,1.0393081,1.2882773,2.212387,1.2205904,0.7090065,0.34244564,0.76688695,0.35226256,0.48855808,0.3652957,0.5096145,0.59912336,0.4364104,0.30789265,0.5753659,0.87642515,1.1443505,0.6931222,0.88477916,0.56519926,0.58813083,0.97103286,1.160969,0.7006133,0.3748246,1.0184286,1.1653966,0.70046103,1.274154,0.5731402,1.2379313,1.7396587,1.3113925,0.627906,1.8271931,1.8601847,1.1798089,1.1351837,1.5667146,0.7237963,0.6620442,0.8728672,1.7117205,0.7199461,0.89580244,1.2643406,0.9971405,0.2607069,0.9254542,0.5335433,0.54904073,0.26188737,0.37242582,0.59627503,0.52003264
Omicron-BA.1-S2,1.0290293,0.7007637,0.48606485,0.45153213,0.72816026,0.36911908,0.8576135,1.2118157,0.77949,0.5848228,0.5731951,0.41286558,0.37929374,0.60128117,0.6752263,0.18852594,0.6517761,0.8138975,0.83010554,0.6580365,0.6132983,0.63385594,0.9302622,0.7002099,0.6727958,0.8274815,0.95354396,0.8923906,0.764823,0.99788594,1.0906858,0.81513864,0.80753005,0.8200147,0.72946876,0.32249516,0.47391343,0.46567076,0.23251885,0.24962583,0.5603472,0.44757587,0.5547124,0.7195876,0.71033573,0.5387708,0.82550263,1.7434775,0.9918752,0.397277,0.3265301,0.5297828,0.32683623,0.32657307,0.2660075,0.46772975,0.35276163,0.41204512,0.49704263,0.6248686,0.5249974,0.919141,0.667794,0.46763855,1.5257604,2.484453,4.792426,3.912021275,3.03161655,2.151211825,1.2708071,0.50060594,0.394444,0.7569526,0.8390548,0.7797809,1.1311464,0.7704249,0.4214108,0.9355301,0.73867875,0.6998378,0.44171834,1.6615684,0.8373848,1.1177663,0.9246193,1.1345987,0.4272749,1.0497295,1.407641,1.3378057,0.920266,1.1408248,0.57487744,0.42114237,0.17940453,0.4860668,0.5133353,0.3837369
Omicron-BA.1-S3,1.0290293,0.7007637,0.48606485,0.45153213,0.72816026,0.36911908,0.8576135,1.2118157,0.77949,0.5848228,0.5731951,0.41286558,0.37929374,0.60128117,0.6752263,0.18852594,0.6517761,0.8138975,0.83010554,0.6580365,0.6132983,0.63385594,0.9302622,0.7002099,0.6727958,0.8274815,0.95354396,0.8923906,0.764823,0.99788594,1.0906858,0.81513864,0.80753005,0.8200147,0.72946876,0.32249516,0.47391343,0.46567076,0.23251885,0.24962583,0.5603472,0.44757587,0.5547124,0.7195876,0.71033573,0.5387708,0.82550263,1.7434775,0.9918752,0.397277,0.3265301,0.5297828,0.32683623,0.32657307,0.2660075,0.46772975,0.35276163,0.41204512,0.49704263,0.6248686,0.5249974,0.919141,0.667794,0.46763855,1.5257604,2.484453,4.792426,3.912021275,3.03161655,2.151211825,1.2708071,0.50060594,0.394444,0.7569526,0.8390548,0.7797809,1.1311464,0.7704249,0.4214108,0.9355301,0.73867875,0.6998378,0.44171834,1.6615684,0.8373848,1.1177663,0.9246193,1.1345987,0.4272749,1.0497295,1.407641,1.3378057,0.920266,1.1408248,0.57487744,0.42114237,0.17940453,0.4860668,0.5133353,0.3837369
Omicron-BA.1-S4,0.99701846,0.5967328,0.56529796,0.5021136,0.73666656,0.34960693,0.8643624,1.1673106,0.77956504,0.59990096,0.61470294,0.44190878,0.4056278,0.50197804,0.64917845,0.17701408,0.81163365,1.0119433,0.9412618,0.8867405,0.8067435,0.5278113,0.7726341,0.56454325,0.65616155,0.7778618,0.86431986,0.7890913,0.6876637,0.9100137,1.0009665,0.7844967,0.9119704,0.91310346,0.61987394,0.2324029,0.5382908,0.57760644,0.2971878,0.22633414,0.47376263,0.38163638,0.44492254,0.6373852,0.63132,0.4732208,0.7191737,1.6027635,0.83780265,0.5035293,0.51721287,0.46918315,0.29115316,0.22249712,0.326147,0.4246607,0.252808,0.43489078,0.5371124,0.5756952,0.59266675,1.1237711,0.8333753,0.71658313,1.4114233,1.1755857,3.5658932,3.5527651,4.6881323,2.98972965,1.291327,0.4211953,0.33083844,0.7650692,0.80758476,0.7599313,1.0110813,0.7341404,0.33804554,1.0817521,0.9221555,0.748541,0.43888742,1.640537,0.8275802,1.0560131,0.8893125,1.2284344,0.4189835,1.0413804,1.3917234,1.2984251,0.90379995,1.0838922,0.4916516,0.35554335,0.26948312,0.4435866,0.5716694,0.4742963
Omicron-BA.1-S5,0.99169546,0.6522321,0.56457996,0.49728116,0.7383496,0.325426,0.8765651,1.2005059,0.77689767,0.59509313,0.6002711,0.44232824,0.41694874,0.64572734,0.7325372,0.17936228,0.7161252,0.8730995,0.87664217,0.6358619,0.5645798,0.65303046,0.9548512,0.7303481,0.6891512,0.84726477,0.94083965,0.8770421,0.7642832,1.0000453,1.0895598,0.8186968,0.8200098,0.81854564,0.69952893,0.3245879,0.5007612,0.48051015,0.23050821,0.23351918,0.581381,0.4421077,0.56015474,0.70650107,0.6942227,0.5431501,0.8227447,1.7232876,0.9868456,0.38239884,0.32658973,0.5415065,0.28958234,0.29054603,0.2726184,0.44492123,0.32037053,0.41941252,0.49650845,0.61007625,0.5137065,0.92732245,0.6983687,0.54633135,1.7666297,2.6900237,2.7081815666666667,2.726339433333333,2.7444973,2.05234485,1.3601924,0.4768835,0.40115613,0.7604029,0.8306464,0.75905526,1.0981346,0.7848674,0.43771756,0.9684988,0.77419966,0.7155216,0.46054402,1.6400737,0.8405867,1.1265875,0.9090683,1.189966,0.4531451,1.0806043,1.406027,1.3190616,0.9125537,1.1182246,0.52156854,0.38553834,0.221973,0.46739274,0.5426757,0.39844948
Omicron-BA.1-S6,0.9895955,0.6046555,0.58476144,0.55262107,0.79862773,0.3546505,0.89807916,1.2672737,0.86224604,0.67503035,0.66543794,0.5069805,0.48612505,0.65129846,0.7765371,0.09737579,0.83110756,0.9972003,0.9334744,0.6378917,0.5580802,0.69640046,0.9557625,0.7185672,0.6180793,0.7728486,0.84173745,0.78330266,0.64457476,0.884415,0.9794335,0.71410805,0.90989506,0.9369229,0.64190066,0.20888498,0.4480681,0.49215776,0.3271114,0.30911013,0.51295435,0.39862773,0.5059262,0.7520305,0.7573415,0.54372597,0.86037046,1.7737503,1.0362601,0.450612,0.3095898,0.5271332,0.18097787,0.17088622,0.3678955,0.43890193,0.31196985,0.52331626,0.55935806,0.60688275,0.4909533,0.91801435,0.6646391,0.4027049,1.4721117,2.3817122,4.7159853,3.866585175,3.01718505,2.167784925,1.3183848,0.52604383,0.441223,0.81021523,0.8735686,0.802028,1.1153957,0.7518121,0.4529079,0.96054614,0.75324357,0.74235123,0.41922557,1.5857761,0.83232903,1.1720669,0.87262857,1.122093,0.4940457,1.0410137,1.3450005,1.2651684,0.9172024,1.1334344,0.5138307,0.41811362,0.3096595,0.36897302,0.5514254,0.41784322
Omicron-BA.1-S7,1.0373285,0.6818073,0.54768354,0.48568612,0.75661767,0.3661256,0.8558026,1.2183028,0.80535036,0.63680524,0.65474135,0.49911216,0.46452555,0.62093174,0.7533296,0.13518114,0.8518048,1.0163505,0.9504582,0.6888458,0.57720345,0.65243584,0.92499757,0.6815758,0.6110271,0.73334473,0.870672,0.79679716,0.66178775,0.90738046,0.9975783,0.71704394,0.8925342,0.9301189,0.6659297,0.23035273,0.48505047,0.52182937,0.28583434,0.26894978,0.5297066,0.39001977,0.509947,0.71457535,0.7251104,0.5290349,0.8566733,1.7793086,1.0399436,0.4625376,0.32166627,0.51530766,0.20296541,0.2018638,0.33742115,0.4826611,0.35957336,0.42740715,0.5479057,0.69817895,0.59682995,0.984898,0.74166614,0.6213063,1.8016652,2.0270178,2.0527884,2.078559,2.1043296,1.7635980999999998,1.4228666,0.46379578,0.39212868,0.747854,0.8096951,0.7350115,1.0660808,0.80005336,0.42447513,0.9004139,0.71082306,0.67715585,0.42958876,1.7064015,0.8777661,1.089911,0.9683065,1.1027197,0.36993414,1.0025995,1.3900181,1.304976,0.9622064,1.1947263,0.5969202,0.42801854,0.22751053,0.42824066,0.534365,0.42357516
Omicron-BA.1-S8,1.0958263,0.69675654,0.5977028,0.4966796,0.69365275,0.3738382,0.83945346,1.1679044,0.75873387,0.5517187,0.5527297,0.34509864,0.24459752,0.37202272,0.4628059,0.32903066,0.59506905,0.83217406,0.8161949,0.9796628,0.9397755,0.43690833,0.67059195,0.4920203,0.7662149,0.9059292,0.9470174,0.89110816,0.8382396,1.0220869,1.1245143,0.92069614,0.8547728,0.8045682,0.637553,0.27682474,0.52592087,0.52685666,0.26591906,0.20564777,0.5384106,0.36210772,0.45245337,0.6009775,0.58248526,0.51192737,0.6728492,1.5037851,0.72863287,0.4524994,0.61250377,0.48512772,0.44399178,0.37052783,0.26809704,0.44532457,0.28255075,0.36532024,0.5468671,0.60464394,0.6286182,1.1131171,0.82273513,0.70176977,1.6693654,1.4034507,4.172591,4.912148,1.7707977,1.6203881999999998,1.4699787,0.4539373,0.38651946,0.80000836,0.85206175,0.81742704,1.097279,0.778877,0.28774622,1.0824097,0.9287853,0.791892,0.48628166,1.5612109,0.8729846,1.1332632,0.9052823,1.3312954,0.5354844,1.1552439,1.4741633,1.3652482,0.8983594,1.0266962,0.4678921,0.30804005,0.23669581,0.5203471,0.5759835,0.5061433
Omicron-BA.1.1-S1,0.9080222,0.5684743,0.65164495,0.5408457,0.66038984,0.370509,0.8224207,1.0816729,0.63830376,0.45525733,0.37717253,0.23734163,0.30169868,0.6163805,0.59437144,0.34803832,0.43865603,0.6394033,0.7364841,0.7703023,0.83466965,0.66303086,0.88720506,0.6614438,0.74161714,0.87631774,0.8858462,0.802988,0.88701177,1.1310415,1.1988448,1.059236,0.7581699,0.62251776,0.7334632,0.51470447,0.81926936,0.74568826,0.29327318,0.11137792,0.7777426,0.4521387,0.5461778,0.5141565,0.42033786,0.5464535,0.5908824,1.3476636,0.6055693,0.50311434,0.65980804,0.48848835,0.45982382,0.3882086,0.3219409,0.46604058,0.26801506,0.490274,0.59798497,0.568519,0.5203334,1.0354445,0.77019835,0.6086634,0.7917447,1.0963466,3.2439945,3.4606063,4.4691405,2.9035171,1.3378937,0.43318194,0.2938244,0.66442615,0.5786103,0.31750384,0.5331787,0.7545788,0.19087675,1.1084542,0.9499998,0.6452207,0.43663216,1.5562989,0.81576335,1.1816695,0.8302598,1.264605,0.6211829,1.2599297,1.5153646,1.447456,1.0245086,1.1304021,0.49695578,0.374836,0.23621613,0.50665253,0.5013052,0.4404793
Omicron-BA.1.1-S2,1.0174506,0.639346,0.8285874,0.6216083,0.6231408,0.39332664,0.8504235,1.0991505,0.68856573,0.49594682,0.39039248,0.28465754,0.42260233,0.8569324,0.88397896,0.36069372,0.44187525,0.76960415,1.0038902,0.75779897,0.85430413,0.7344564,0.9830511,0.75411826,0.69618237,0.8623554,0.86867607,0.77932596,0.83884245,1.0727189,1.134203,1.032642,0.7244176,0.57075214,0.7212078,0.5598482,0.70163316,0.50977093,0.3472101,0.07915812,0.66862035,0.4319294,0.46786845,0.54597986,0.5013273,0.48293236,0.56531954,1.3864897,0.6275746,0.5114721,0.5919063,0.4610401,0.3756208,0.3327957,0.32560727,0.47147512,0.29578865,0.58387446,0.62402403,0.5676099,0.51223266,0.99622154,0.7315401,0.624451,0.48136246,0.75903827,2.5086434,2.8284543,3.7997932,2.5901692499999998,1.3805453,0.41911706,0.28278956,0.66338146,0.535957,0.33315483,0.39573878,0.7127041,0.25568354,1.2617899,1.0465994,0.6402946,0.420261,1.5791864,0.83989024,1.185581,0.78157914,1.1902155,0.65927017,1.2351655,1.463954,1.3966374,1.0341336,1.1201411,0.49513358,0.4182544,0.28709593,0.44321546,0.45831877,0.3777314
Omicron-BA.1.1-S3,0.8929055,0.5722736,0.78512996,0.6290285,0.6598098,0.3455602,0.86907935,1.1034621,0.7085963,0.5073903,0.41814107,0.25232157,0.33299604,0.6247274,0.6176543,0.33736673,0.4028718,0.6161736,0.68805254,0.7330342,0.8261692,0.7005298,0.93016833,0.69671947,0.7055789,0.87435776,0.86367804,0.7933759,0.8391853,1.0793417,1.1566869,0.9849371,0.75532055,0.64913374,0.6973574,0.44893897,0.7251296,0.6507483,0.25539404,0.1189664,0.7201235,0.42417392,0.53101516,0.5687619,0.4965751,0.532392,0.66525376,1.4611359,0.7168244,0.43871793,0.57289183,0.48108828,0.39934683,0.32401705,0.32765964,0.432266,0.24207887,0.5568307,0.6136729,0.5438955,0.52915835,1.0713305,0.81093854,0.717018,0.8442337,0.76148903,2.236816,2.2500215,1.0554183,1.27803855,1.5006588,0.43349463,0.3459795,0.74313515,0.70060605,0.50025696,0.33037257,0.7538362,0.27595294,1.0699993,0.872349,0.7559601,0.48198423,1.4674947,0.850475,1.213594,0.81456727,1.3075348,0.63178176,1.2331697,1.4618214,1.3828951,0.99592704,1.0885525,0.45109424,0.3758737,0.29920217,0.44071752,0.49285892,0.39116356
Omicron-BA.1.1-S4,0.9072397,0.6029063,0.57445884,0.48782167,0.6827544,0.3804704,0.8291836,1.1217079,0.6610912,0.49489078,0.428521,0.30363467,0.3655257,0.6777802,0.68832606,0.28103223,0.5208648,0.6850651,0.77087605,0.6029301,0.66995966,0.731009,0.98343116,0.7300884,0.6931467,0.8223411,0.8742735,0.7984036,0.8317952,1.0865746,1.1608833,0.9716028,0.70828336,0.6308916,0.735697,0.4515351,0.7483124,0.70552933,0.26643765,0.071231715,0.7224039,0.44663316,0.5528043,0.58053267,0.5089086,0.51300997,0.6566192,1.4923652,0.7473327,0.4439529,0.49712545,0.47706294,0.35699853,0.3271329,0.32855552,0.47835216,0.32580364,0.49201047,0.5817438,0.5898,0.4996292,0.90148646,0.7227896,0.5311293,1.8076762,4.182979,3.8038982666666663,3.424817533333333,3.0457368,2.14385435,1.2419719,0.44958264,0.30416092,0.63938475,0.59202534,0.3411316,0.46908918,0.7514681,0.2155135,0.9888266,0.8234719,0.6441501,0.41665488,1.6908091,0.8243366,1.1421319,0.8734114,1.1816694,0.54210764,1.1966382,1.4715029,1.4436507,1.0461564,1.1997753,0.57942146,0.43405655,0.21281192,0.4854792,0.47632858,0.3732412
Omicron-BA.1.1-S5,0.9080222,0.5684743,0.65164495,0.5408457,0.66038984,0.370509,0.8224207,1.0816729,0.63830376,0.45525733,0.37717253,0.23734163,0.30169868,0.6163805,0.59437144,0.34803832,0.43865603,0.6394033,0.7364841,0.7703023,0.83466965,0.66303086,0.88720506,0.6614438,0.74161714,0.87631774,0.8858462,0.802988,0.88701177,1.1310415,1.1988448,1.059236,0.7581699,0.62251776,0.7334632,0.51470447,0.81926936,0.74568826,0.29327318,0.11137792,0.7777426,0.4521387,0.5461778,0.5141565,0.42033786,0.5464535,0.5908824,1.3476636,0.6055693,0.50311434,0.65980804,0.48848835,0.45982382,0.3882086,0.3219409,0.46604058,0.26801506,0.490274,0.59798497,0.568519,0.5203334,1.0354445,0.77019835,0.6086634,0.7917447,1.0963466,3.2439945,3.4606063,4.4691405,2.9035171,1.3378937,0.43318194,0.2938244,0.66442615,0.5786103,0.31750384,0.5331787,0.7545788,0.19087675,1.1084542,0.9499998,0.6452207,0.43663216,1.5562989,0.81576335,1.1816695,0.8302598,1.264605,0.6211829,1.2599297,1.5153646,1.447456,1.0245086,1.1304021,0.49695578,0.374836,0.23621613,0.50665253,0.5013052,0.4404793
Omicron-BA.1.1-S6,1.0531068,0.6807488,0.46841535,0.36892548,0.69019717,0.4482244,0.7435434,1.057836,0.6661893,0.4803801,0.5984164,0.41274214,0.2951425,0.4685147,0.58001095,0.15602446,0.735348,1.0122625,0.99243784,0.9218331,0.84362876,0.51251245,0.70966256,0.5111889,0.6910571,0.76396644,0.8930754,0.82879484,0.7976502,0.98414797,1.0856613,0.95397174,0.75418156,0.68328786,0.68248767,0.39358523,0.65351486,0.6411601,0.37082312,0.10454198,0.5747425,0.36050206,0.37347284,0.49569002,0.48363304,0.455023,0.5499502,1.4404463,0.62273073,0.5675992,0.62619686,0.41821268,0.358498,0.29450622,0.34759283,0.545838,0.39127234,0.32261056,0.570829,0.75787383,0.7455209,1.1740867,0.92986214,0.9502126,0.9223552,0.8751969,2.6946566,3.0190613,4.1617293,2.6782224500000003,1.1947156,0.41295534,0.26108387,0.57606786,0.52599686,0.50537896,0.83836275,0.82809836,0.13931628,1.0477644,0.8945179,0.60117996,0.3906021,1.892894,0.92110676,0.9701567,1.0354519,1.1289757,0.35160413,1.0307678,1.5215676,1.4070255,1.0324209,1.24872,0.66594094,0.45346352,0.17080401,0.55065876,0.5349991,0.47681552
Omicron-BA.1.1-S7,1.1861151,0.7844265,0.78994507,0.69312054,0.5996079,0.44197103,0.9241136,1.0381249,0.7152021,0.47998956,0.39643803,0.1733841,0.14608873,0.42533022,0.3959318,0.46487942,0.3322318,0.59167063,0.6451632,0.9893881,1.0325322,0.5465628,0.72380227,0.5529528,0.6160422,0.7584121,0.986993,0.8761081,0.7991963,1.0662867,1.1297468,0.95958596,0.62877196,0.6335468,0.83891016,0.46780872,0.643199,0.64588016,0.269574,0.11048081,0.5400573,0.426997,0.4457594,0.5348589,0.5043237,0.39778543,0.52622604,1.5145491,0.65477127,0.542157,0.6970659,0.51675326,0.5421336,0.45987073,0.23719612,0.42662963,0.21475078,0.40015596,0.40595263,0.28042945,0.6651733,0.9837737,0.858556,0.7275693,2.330577,2.7608172,3.1910574,3.6212976,4.0515378,4.481778,2.827101,1.6279565,0.33626923,0.6281498,0.7882897,0.7429544,0.8620071,0.7661625,0.30594105,1.0213928,0.83470076,0.34922898,1.1027273,1.9362389,0.58054596,1.1284631,0.8641377,1.9903405,0.93279856,1.3496815,1.5870811,1.3970497,0.59119684,0.80219287,0.3980678,0.30202833,0.23093507,0.5391883,0.51284003,0.44231775
Omicron-BA.1.1-S8,0.9080222,0.5684743,0.65164495,0.5408457,0.66038984,0.370509,0.8224207,1.0816729,0.63830376,0.45525733,0.37717253,0.23734163,0.30169868,0.6163805,0.59437144,0.34803832,0.43865603,0.6394033,0.7364841,0.7703023,0.83466965,0.66303086,0.88720506,0.6614438,0.74161714,0.87631774,0.8858462,0.802988,0.88701177,1.1310415,1.1988448,1.059236,0.7581699,0.62251776,0.7334632,0.51470447,0.81926936,0.74568826,0.29327318,0.11137792,0.7777426,0.4521387,0.5461778,0.5141565,0.42033786,0.5464535,0.5908824,1.3476636,0.6055693,0.50311434,0.65980804,0.48848835,0.45982382,0.3882086,0.3219409,0.46604058,0.26801506,0.490274,0.59798497,0.568519,0.5203334,1.0354445,0.77019835,0.6086634,0.7917447,1.0963466,3.2439945,3.4606063,4.4691405,2.9035171,1.3378937,0.43318194,0.2938244,0.66442615,0.5786103,0.31750384,0.5331787,0.7545788,0.19087675,1.1084542,0.9499998,0.6452207,0.43663216,1.5562989,0.81576335,1.1816695,0.8302598,1.264605,0.6211829,1.2599297,1.5153646,1.447456,1.0245086,1.1304021,0.49695578,0.374836,0.23621613,0.50665253,0.5013052,0.4404793
Omicron-BA.2.12.1,2.9406915,2.245162,1.7902789,1.1572114,0.37093002,0.7614623,0.49839887,0.47424495,0.32831004,0.726045,1.0286196,0.87419015,1.0271066,1.1616545,1.3577852,1.4204108,1.6117678,1.8522404,2.3000367,1.8582578,1.4357959,1.1562947,0.82594854,0.9638529,1.1171858,1.1663892,1.1296494,0.969881,1.1504501,0.6135598,1.0118736,1.2051187,1.8903426,1.8210558,0.7332193,1.3966478,2.450893,2.5951316,2.7585118,1.5132445,0.9360103,0.50910467,0.5423552,0.9247278,1.5307764,0.6964411,0.69569135,1.4502555,1.0161163,0.976899,1.032642,1.047883,1.3905362,0.7343646,0.9629738,1.0222044,0.7198893,1.8204254,1.8186876,0.6668886,0.75440603,1.1486946,1.0415543,0.53012145,0.46656123,0.7319727,0.65622723,0.7059853,0.95342577,1.0942695,0.93523115,0.30520695,0.5998735,0.56353563,0.72550714,0.87578434,1.881353,1.2768441,0.57455593,1.3438244,1.3307724,1.3054066,0.80465275,1.033304,0.8363232,1.4451721,1.3676559,1.4796307,1.2297523,0.4123243,2.1085353,1.9123837,1.6199611,1.6334343,1.5715665,1.3643646,1.4169184,0.4225993,1.026298,1.0467205
Wuhan-A-S1,1.4445534,0.9184779,0.8055086,0.7600487,1.3100631,0.6747005,1.2279828,1.7456396,1.4166434,1.2971163,1.2790781,1.0897498,0.9200921,0.7279598,0.827885,0.75498754,1.2432624,1.317705,0.9866073,0.98314494,1.0465572,0.86039144,0.7949151,0.68323594,0.6638323,0.9788203,1.0937208,1.1544894,1.1761296,1.2491385,0.98642683,0.77210265,1.1170428,0.7998963,0.7265431,1.4618847,1.6298336,1.5848413,1.0526508,1.5732038,2.3476477,3.3062613,2.1810503,0.7775435,1.398667,0.9371454,1.1216797,1.9117835,0.99411345,0.50179136,0.42161718,0.78520143,0.30690897,0.31087437,0.31250766,0.2659792,0.231095,0.37104452,0.5980289,0.6361254,0.71475935,1.1775252,0.8631206,0.6623125,1.6666653,2.0757828,3.8252878,3.9817438,4.8376656,3.2045687000000003,1.5714718,0.69356567,0.64522016,1.1718985,0.6412393,0.89834917,1.3546077,1.7354461,0.7393112,2.0458663,2.0795147,1.6737591,0.7233539,0.9186413,0.9158079,0.9898868,1.0155656,1.1554724,0.5702024,0.9450289,1.2476884,1.0929974,0.8141561,0.9631022,0.3958687,0.29738358,0.4412289,0.34382853,0.7681283,0.71526575
Wuhan-A-S2,1.4078245,0.93676174,0.8129439,0.7552061,1.2987347,0.6773573,1.2435923,1.783174,1.4249244,1.3016379,1.2513975,1.0659178,0.87406075,0.7632682,0.84495133,0.54713553,1.1133283,1.1656421,0.8394716,0.6815198,0.7415916,0.877536,0.9597186,0.7753902,0.5999364,0.9460331,1.1137632,1.1964837,1.2363276,1.3252592,1.0396543,0.7960051,1.1624569,0.83318824,0.8551107,1.5305572,1.7225015,1.6188861,1.1199111,1.4573318,2.2004774,3.2821224,2.2175393,0.8176558,1.4842983,1.0364405,1.24412,2.096935,1.2202133,0.5158725,0.3258853,0.88400173,0.39881456,0.412851,0.36199164,0.34169134,0.32466882,0.4213242,0.5867085,0.6837179,0.6563755,1.0320743,0.7643361,0.50262356,1.4504771,2.0640504,3.7845993,3.7808106,4.3503118,2.9538883,1.5574648,0.69588345,0.66168034,1.1402364,0.5836695,0.89331996,1.3770478,1.5870631,0.6418873,1.9186656,1.9585849,1.5083561,0.7128092,0.9717803,0.909546,1.0371715,1.03173,0.9862917,0.5520843,0.91012686,1.195468,1.0755614,0.8649252,1.045259,0.45022878,0.36205217,0.4026922,0.2826252,0.7153412,0.6488344
Wuhan-A-S3,1.3099396,0.88783455,0.7874227,0.6768499,1.0813513,0.54598373,1.1206558,1.5950437,1.1711237,1.0475289,0.97947365,0.70780706,0.4884657,0.51793927,0.5861882,0.18082063,0.46849316,0.63381135,0.64354444,0.50337005,0.497479,0.6610078,0.9346411,0.6525304,0.713356,1.0362785,1.1416802,1.1680844,1.2057905,1.2820652,1.1343285,0.9743034,1.0648837,1.0943145,1.2192389,1.7725239,1.6651782,1.3405181,0.9867532,1.53005,2.2175107,3.251788,2.3514614,0.64761555,1.1847094,0.8382234,0.90955305,1.7521731,1.0019786,0.30790654,0.24619852,0.7596267,0.4291433,0.40218014,0.2242208,0.36492345,0.3177716,0.48453188,0.61090183,0.6479391,0.5010081,0.8490023,0.63728434,0.32622302,1.4263867,2.5033069,2.5184649333333335,2.5336229666666665,2.548781,2.09509035,1.6413997,0.6107416,0.5877916,1.0754352,0.52718407,0.7226974,1.2345674,1.589507,0.845478,2.086556,2.0820246,1.5500364,0.70883995,0.8552201,0.9204134,1.1856115,0.8589068,1.1009477,0.6991273,1.131527,1.2915868,1.2262313,0.9565949,1.0307087,0.4333143,0.33939588,0.33006194,0.38446456,0.58400434,0.45995218
Wuhan-A-S4,1.3473963,0.89348763,0.8722671,0.7821235,1.2169877,0.6459978,1.28752,1.7805114,1.3955047,1.237013,1.1102225,0.8786475,0.6649882,0.61679304,0.65284336,0.214024,0.6542355,0.7135515,0.5460221,0.3250718,0.40743715,0.7672727,1.004532,0.73968834,0.6856332,1.0756614,1.2097237,1.2765222,1.345919,1.4317796,1.1426728,0.90821624,1.1520219,0.93252033,1.0749528,1.6861414,1.8923534,1.687157,1.1656656,1.3859992,2.1472447,3.3270369,2.227724,0.7684335,1.4453306,1.0155452,1.1622107,2.0528724,1.2047614,0.42233396,0.2045383,0.87297547,0.48130032,0.48201352,0.3494996,0.34384012,0.32207283,0.5192874,0.5718333,0.58382857,0.49285725,0.91188157,0.67030877,0.381412,1.209059,1.7752876,3.693105,3.8170679,4.50495,3.1076384,1.7103268,0.7431749,0.74505913,1.2153038,0.6452566,0.849322,1.3183389,1.5578816,0.7010047,1.9956294,1.9925938,1.5147189,0.8388074,0.771276,0.91922814,1.109569,0.83797216,1.0219858,0.58206415,0.99235857,1.1594901,1.0770506,0.84716535,0.9628113,0.38106307,0.39071602,0.4228427,0.27371687,0.6352331,0.5306807
Wuhan-A-S5,1.394746,0.9258015,0.7837098,0.7469806,1.3180853,0.66104394,1.248849,1.7906221,1.4337833,1.3180459,1.2745745,1.0889544,0.897239,0.77284753,0.8599455,0.59486103,1.1512107,1.1886921,0.85102856,0.7104613,0.7686818,0.8750829,0.94479215,0.7777285,0.61856204,0.95497334,1.1249783,1.2012273,1.2430173,1.3263428,1.0477725,0.7936206,1.1724374,0.8300006,0.84047437,1.5196791,1.7336507,1.6360322,1.1189187,1.4675546,2.2127562,3.2875946,2.2238586,0.8241378,1.485146,1.0432225,1.2558761,2.1092768,1.2191002,0.52288705,0.34803423,0.89292866,0.4022175,0.40739295,0.33939657,0.310543,0.2999084,0.38200146,0.5803351,0.6887852,0.69292843,1.1067523,0.85532206,0.67155576,1.5456785,1.9739243,3.5083375,3.719233,4.478512,3.0353048,1.5920976,0.72591215,0.66444993,1.1457552,0.5933514,0.8785365,1.3614551,1.6029334,0.6132864,1.8751947,1.9101144,1.4824128,0.7363858,0.9770474,0.93572336,1.0323281,1.0713234,1.0498356,0.56963724,0.92045766,1.217162,1.0903426,0.8651257,1.0268915,0.44266123,0.33362877,0.40734753,0.30497885,0.7405544,0.671339
Wuhan-A-S6,1.3845824,0.83761823,0.7829026,0.76780295,1.3083764,0.646449,1.2635624,1.749454,1.4260358,1.3125155,1.2937831,1.1197131,0.96546394,0.78647774,0.8971499,0.85449517,1.370467,1.4520118,1.1311918,1.0977558,1.1459343,0.9086481,0.81166834,0.72002083,0.6915206,0.99964523,1.1033862,1.1648922,1.1737362,1.239526,0.97191095,0.7702013,1.1303996,0.80101913,0.6589991,1.4063358,1.5985936,1.6063018,1.0451502,1.5840757,2.398284,3.3492563,2.135832,0.7772553,1.4054352,0.9383956,1.1193186,1.8789291,0.9552987,0.55855083,0.5274895,0.81233186,0.3477198,0.3304753,0.35417086,0.2114075,0.16066736,0.39940473,0.579763,0.56379056,0.727853,1.2381806,0.9290202,0.79320526,1.7400122,1.9407197,3.4078078,3.5588062,4.5068116,3.0354777,1.5641438,0.71168005,0.6615314,1.2078825,0.6816786,0.8624419,1.3802254,1.7655689,0.763608,2.1280885,2.168496,1.7964966,0.75734305,0.9063266,0.90711117,0.93618935,0.9923631,1.257438,0.5738687,0.9313585,1.2272667,1.0579162,0.7561763,0.8825134,0.3278247,0.26892897,0.48247698,0.35569945,0.82349145,0.7729593
Wuhan-A-S7,1.3960724,0.92795146,0.8079417,0.76055574,1.309565,0.67206115,1.2486678,1.7774929,1.4196713,1.3057361,1.2543943,1.074255,0.87610424,0.76878196,0.8472578,0.5569718,1.1219738,1.1722225,0.8535534,0.68895525,0.74428934,0.8861987,0.95948046,0.7781994,0.59962845,0.9423687,1.1091781,1.1913168,1.2312928,1.3180777,1.035709,0.7897634,1.1684833,0.8328294,0.8456303,1.5139045,1.7119831,1.6065732,1.1042284,1.4702142,2.2118974,3.2818336,2.216476,0.82143414,1.4847546,1.0449277,1.2630346,2.1317725,1.2349323,0.5301331,0.3385778,0.8863016,0.39811894,0.4078884,0.36260447,0.33685875,0.3246554,0.4119649,0.5747035,0.6775867,0.6645673,1.0549111,0.8013974,0.5830731,1.50017,2.0298555,3.7301702,3.8890939,4.6154914,3.1058541,1.5962168,0.7071453,0.6630703,1.1494242,0.590239,0.9035007,1.3666183,1.588378,0.6308292,1.9007986,1.9363538,1.488976,0.7164346,0.9653086,0.9165298,1.0183835,1.0425942,0.9951076,0.55960435,0.8995518,1.1955448,1.0721765,0.86871445,1.0557091,0.45927778,0.36826232,0.40805036,0.28306517,0.7222663,0.65597105
Wuhan-A-S8,1.3845824,0.83761823,0.7829026,0.76780295,1.3083764,0.646449,1.2635624,1.749454,1.4260358,1.3125155,1.2937831,1.1197131,0.96546394,0.78647774,0.8971499,0.85449517,1.370467,1.4520118,1.1311918,1.0977558,1.1459343,0.9086481,0.81166834,0.72002083,0.6915206,0.99964523,1.1033862,1.1648922,1.1737362,1.239526,0.97191095,0.7702013,1.1303996,0.80101913,0.6589991,1.4063358,1.5985936,1.6063018,1.0451502,1.5840757,2.398284,3.3492563,2.135832,0.7772553,1.4054352,0.9383956,1.1193186,1.8789291,0.9552987,0.55855083,0.5274895,0.81233186,0.3477198,0.3304753,0.35417086,0.2114075,0.16066736,0.39940473,0.579763,0.56379056,0.727853,1.2381806,0.9290202,0.79320526,1.7400122,1.9407197,3.4078078,3.5588062,4.5068116,3.0354777,1.5641438,0.71168005,0.6615314,1.2078825,0.6816786,0.8624419,1.3802254,1.7655689,0.763608,2.1280885,2.168496,1.7964966,0.75734305,0.9063266,0.90711117,0.93618935,0.9923631,1.257438,0.5738687,0.9313585,1.2272667,1.0579162,0.7561763,0.8825134,0.3278247,0.26892897,0.48247698,0.35569945,0.82349145,0.7729593
Wuhan_distances.csv,1.3843542,0.9066778,0.8988442,0.7982791,1.2329595,0.6731702,1.2673935,1.775488,1.3943611,1.2370131,1.1045799,0.8576753,0.6370847,0.55045927,0.5838979,0.274942,0.61332464,0.68551135,0.50679636,0.4010663,0.49607387,0.7004429,0.9207254,0.66684556,0.7142846,1.0943624,1.2034436,1.2579575,1.3368632,1.4234415,1.1538895,0.94159967,1.1598318,0.9688246,1.0973136,1.7264541,1.9014653,1.6764582,1.1698233,1.4399643,2.1431172,3.2849364,2.2595904,0.7781728,1.4117959,0.98910946,1.1203204,1.9868996,1.1420377,0.34402803,0.18987644,0.8308998,0.46143928,0.4538555,0.28913137,0.30506068,0.27563378,0.5037248,0.612981,0.60202837,0.5340193,0.95069474,0.7042532,0.3809461,1.234142,1.7772667,3.642128,3.690525,4.2936306,3.0106445,1.7276584,0.76694995,0.76345915,1.2281078,0.6520644,0.873378,1.3156271,1.6316137,0.72479594,2.0085292,2.004062,1.5499128,0.86115354,0.76661724,0.95683163,1.1538745,0.8417549,1.0661645,0.62651944,1.0554377,1.2121056,1.1204369,0.8859736,0.95658493,0.37145942,0.36208,0.4369633,0.29696637,0.64402,0.53543717
