chain_a_residue_num,chain_b_residue_num,chain_a_residue,chain_b_residue,ca_distance
319,319,ARG,ARG,3.2119381
320,320,VAL,VAL,3.3682892
321,321,GLN,GLN,2.99042
322,322,PRO,PRO,3.3009598
323,324,THR,GLU,2.4474804
324,325,GLU,SER,0.5312616
325,326,SER,ILE,3.2439206
326,327,ILE,VAL,2.2618134
327,328,VAL,ARG,2.430172
328,329,ARG,PHE,3.6426406
329,330,PHE,PRO,1.8654039
334,334,ASN,ASN,2.4245245
335,335,LEU,LEU,2.484106
336,336,CYS,CYS,2.5666192
337,337,PRO,PRO,3.038328
338,338,PHE,PHE,1.911662
339,339,GLY,ASP,1.2218293
340,340,GLU,GLU,0.95235896
341,341,VAL,VAL,2.6484923
342,342,PHE,PHE,2.5223274
343,343,ASN,ASN,3.5366285
344,344,ALA,ALA,2.9406915
345,345,THR,THR,2.245162
346,346,ARG,ARG,1.7902789
347,347,PHE,PHE,1.1572114
348,348,ALA,ALA,0.37093002
349,349,SER,SER,0.7614623
350,350,VAL,VAL,0.49839887
351,351,TYR,TYR,0.47424495
352,352,ALA,ALA,0.32831004
353,353,TRP,TRP,0.726045
354,354,ASN,ASN,1.0286196
355,355,ARG,ARG,0.87419015
356,356,LYS,LYS,1.0271066
357,357,ARG,ARG,1.1616545
358,358,ILE,ILE,1.3577852
359,359,SER,SER,1.4204108
360,360,ASN,ASN,1.6117678
361,361,CYS,CYS,1.8522404
362,362,VAL,VAL,2.3000367
363,363,ALA,ALA,2.7847269
364,364,ASP,ASP,3.100418
365,365,TYR,TYR,1.1970757
366,366,SER,SER,0.86724395
367,367,VAL,VAL,2.9948435
368,368,LEU,LEU,3.3867104
369,369,TYR,TYR,4.907755
373,373,SER,PRO,3.4947677
374,374,PHE,PHE,0.88534343
375,375,SER,PHE,3.5066895
376,376,THR,ALA,4.0620537
377,377,PHE,PHE,3.0257
378,378,LYS,LYS,1.5371197
389,387,ASP,LEU,2.5005665
390,390,LEU,LEU,2.3546069
391,391,CYS,CYS,3.62071
392,392,PHE,PHE,1.8582578
393,393,THR,THR,1.4357959
394,394,ASN,ASN,1.1562947
395,395,VAL,VAL,0.82594854
396,396,TYR,TYR,0.9638529
397,397,ALA,ALA,0.6658973
398,398,ASP,ASP,1.3532223
399,399,SER,SER,0.9109718
400,400,PHE,PHE,0.37310088
401,401,VAL,VAL,0.20418574
402,402,ILE,ILE,0.536322
403,403,ARG,ARG,0.8334844
404,404,GLY,GLY,1.1171858
405,405,ASP,ASN,1.1663892
406,406,GLU,GLU,1.1296494
407,407,VAL,VAL,0.969881
408,408,ARG,SER,1.1504501
409,409,GLN,GLN,0.6135598
410,410,ILE,ILE,1.0118736
411,411,ALA,ALA,1.2051187
412,412,PRO,PRO,1.8903426
413,413,GLY,GLY,1.8210558
414,414,GLN,GLN,0.7332193
415,415,THR,THR,1.3966478
416,416,GLY,GLY,2.450893
417,417,LYS,ASN,2.5951316
418,418,ILE,ILE,2.7585118
419,419,ALA,ALA,1.5132445
420,420,ASP,ASP,0.9360103
421,421,TYR,TYR,0.50910467
422,422,ASN,ASN,0.5423552
423,423,TYR,TYR,0.9247278
424,424,LYS,LYS,1.5307764
425,425,LEU,LEU,0.6964411
426,426,PRO,PRO,0.69569135
427,427,ASP,ASP,1.4502555
428,428,ASP,ASP,1.0161163
429,429,PHE,PHE,0.976899
430,430,THR,THR,1.032642
431,431,GLY,GLY,1.047883
432,432,CYS,CYS,1.3905362
433,433,VAL,VAL,0.7343646
434,434,ILE,ILE,0.9629738
435,435,ALA,ALA,1.0222044
436,436,TRP,TRP,0.7198893
437,437,ASN,ASN,1.8204254
438,438,SER,SER,1.8186876
439,439,ASN,ASN,0.6668886
440,440,ASN,LYS,0.75440603
441,441,LEU,LEU,1.1486946
442,442,ASP,ASP,1.0415543
443,443,SER,SER,0.53012145
444,444,LYS,LYS,0.46656123
445,445,VAL,VAL,0.7319727
446,446,GLY,GLY,0.65622723
447,447,GLY,GLY,0.7059853
448,448,ASN,ASN,0.95342577
449,449,TYR,TYR,1.0942695
450,450,ASN,ASN,0.93523115
451,451,TYR,TYR,0.30520695
452,452,LEU,GLN,0.5998735
453,453,TYR,TYR,0.56353563
454,454,ARG,ARG,0.72550714
455,455,LEU,LEU,0.87578434
456,456,PHE,PHE,1.881353
457,457,ARG,ARG,1.4736167
458,458,LYS,LYS,1.4002476
459,459,SER,SER,1.3723862
460,460,ASN,ASN,1.5194249
461,461,LEU,LEU,2.0370371
462,462,LYS,LYS,1.2313246
463,463,PRO,PRO,1.1296018
464,464,PHE,PHE,1.0665797
465,465,GLU,GLU,1.0904356
466,466,ARG,ARG,1.0329677
467,467,ASP,ASP,1.2768441
468,468,ILE,ILE,0.57455593
469,469,SER,SER,1.3438244
470,470,THR,THR,1.3307724
471,471,GLU,GLU,1.3054066
472,472,ILE,ILE,1.7347422
473,473,TYR,TYR,1.8186628
474,474,GLN,GLN,1.0466075
475,475,ALA,ALA,2.2807755
476,476,GLY,GLY,2.5525224
477,477,SER,ASN,3.8969886
478,478,THR,LYS,3.086695
479,479,PRO,PRO,2.2951353
480,480,CYS,CYS,0.91056067
481,481,ASN,ASN,3.1403816
483,483,VAL,VAL,2.8784862
484,484,GLU,ALA,2.737941
485,485,GLY,GLY,3.4593117
486,486,PHE,PHE,3.355118
487,487,ASN,ASN,2.5711358
488,488,CYS,CYS,2.8015704
489,489,TYR,TYR,1.1092737
490,490,PHE,PHE,0.82227314
491,491,PRO,PRO,0.83432233
492,492,LEU,LEU,0.6773113
493,493,GLN,ARG,0.8009612
494,494,SER,SER,0.725533
495,495,TYR,TYR,0.80465275
496,496,GLY,GLY,1.033304
497,497,PHE,PHE,0.8363232
498,498,GLN,ARG,1.4451721
499,499,PRO,PRO,1.3676559
500,500,THR,THR,1.4796307
501,501,ASN,TYR,1.2297523
502,502,GLY,GLY,0.4123243
503,503,VAL,VAL,2.1085353
504,504,GLY,GLY,1.9123837
505,505,TYR,HIS,1.6199611
506,506,GLN,GLN,1.6334343
507,507,PRO,PRO,1.5715665
508,508,TYR,TYR,1.3643646
509,509,ARG,ARG,1.4169184
510,510,VAL,VAL,0.4225993
511,511,VAL,VAL,1.026298
512,512,VAL,VAL,1.0467205
513,513,LEU,LEU,1.1028118
514,514,SER,SER,0.9169025
515,515,PHE,PHE,1.0690018
516,516,GLU,GLU,0.78310496
517,517,LEU,LEU,2.3140068
518,518,LEU,LEU,3.2782583
519,520,HIS,ALA,1.3097382
520,521,ALA,PRO,2.7376065
521,522,PRO,ALA,1.2246394
530,530,SER,SER,3.2839255
531,531,THR,THR,2.3698
532,532,ASN,ASN,1.5507094
533,533,LEU,LEU,1.8552382
534,534,VAL,VAL,1.7326314
535,535,LYS,LYS,1.2859515
536,536,ASN,ASN,1.7158904
537,537,LYS,LYS,2.1115088
538,538,CYS,CYS,2.2677283
539,539,VAL,VAL,2.5989347
540,540,ASN,ASN,2.645637
541,541,PHE,PHE,2.362804
